,store,sido,gungu,store_address
0,남양산점,경상남도,양산시,"경상남도 양산시 물금읍 범어로 102, 107호 (라온센트럴상가)"
1,주엽점,경기,고양시,경기 고양시 일산서구 주화로 42
2,운정1호점,경기,파주시,경기 파주시 동패로63번길 48-29 102호
3,신동백점,경기도,용인시,경기도 용인시 기흥구 언동로217번길 8
4,보문5가점,서울특별시,성북구,"서울특별시 성북구 지봉로20길 81, 1층 3호(보문동5가)"
5,용인역삼점,경기도,용인시,경기도 용인시 처인구 지삼로 590번길 10-3
6,반월점,경기도,안산시,경기도 안산시 상록구 건건로 93
7,가능점,경기,의정부시,경기 의정부시 호국로 1135
8,망우점,서울특별시,중랑구,서울특별시 중랑구 용마산로109길 24
9,용강점,경상북도,경주시,경상북도 경주시 승삼3길 18-1
10,인천청천점,인천광역시,부평구,인천광역시 부평구 평천로 115번길 12
11,조암점,경기도,화성시,경기도 화성시 우정읍 조암북로 67번길 6-12
12,구서점,부산광역시,금정구,"부산광역시 금정구 금샘로 262, 216동 104호(구서동, 쌍용예가 2단지)"
13,연산토곡점,부산광역시,연제구,"부산광역시 연제구 과정로 294, 1층(연산동)"
14,야당점,경기,파주시,"경기 파주시 경의로1004번길 37 , 롯데프라자 102호"
15,침산점,대구시,북구,대구시 북구 침산동 456-7
16,각산점,대구시,동구,대구시 동구 과학로2길 14
17,대봉점,대구시,중구,대구시 중구 달구벌대로 446길 28
18,국가산단점,대구시,달성군,대구시 달성군 구지면 국가산단대로 66길 29
19,가음점,경남,창원시,경남 창원시 성산구 대정로40번길 7
20,유니시티점,경남,창원시,경남 창원시 의창구 평산로211번길 18
21,통영1점,경남,통영시,경남 통영시 광도면 죽림2로 76-95
22,동천점,경남,남해군,경남 남해군 삼동면 동부대로 1235
23,대원점,경남,창원시,경남 창원시 성산구 창원대로 548
24,안동삼안점,경상남도,김해시,경상남도 김해시 삼안로 131번길 8-4
25,문산점,경남,진주시,경남 진주시 문산읍 소문길 51
26,용상점,경북,안동시,경북 안동시 전거리7길 83
27,광석동점,경북,안동시,경북 안동시 대석2길 3
28,송도점,경북,포항시,경북 포항시 남구 송림로 16
29,문덕점,경북,포항시,경북 포항시 남구 오천읍 냉천로 302번길 43
30,거문도점,전남,여수시,전남 여수시 삼산면 삼호교길 2
31,오성점,전남,광양시,전남 광양시 광양읍 덕례리 1728-1
32,나주점,전남,나주시,전남 나주시 나주천2길 72
33,구례점,전남,구례군,전남 구례군 구례읍 중앙로 54
34,중화서신점,전북,전주시,전북 전주시 완산구 효자로 329
35,정읍상동점,전북,정읍시,전북 정읍시 상동중앙로 2
36,법동점,대전,대덕구,대전 대덕구 계족로663번길 29-18
37,원내점,대전,유성구,대전 유성구 진잠로66번길 48
38,예천점,충남,서산시,충남 서산시 동서1로 174
39,아산중앙점,충남,아산시,충남 아산시 시민로 258번길 3-3
40,교현신수점,충북,충주시,충북 충주시 연수동산로 5길 27
41,혁신도시점,충북,진천군,충북 진천군 덕산읍 대하로 114
42,영동점,충북,영동군,충북 영동군 영동읍 계산로 18
43,개운점,강원도,원주시,강원도 원주시 개운로 30
44,육사점,서울특별시,노원구,서울특별시 노원구 공릉동 공릉 사서함 77-5
45,청전점,충북,제천시,"충북 제천시 내제로 25길 6-1, 1층(청전동)"
46,사천점,강원도,강릉시,강원도 강릉시 사천면 진리해변길 165
47,주문진점,강원도,강릉시,강원도 강릉시 주문진읍 연주로 321
48,리솜점,충청북도,제천시,충청북도 제천시 백운면 금봉로 214
49,송림재능대점,인천광역시,동구,인천광역시 동구 새천년로 38번길 11
50,불로점,인천광역시,서구,인천광역시 서구 검단로 759
51,공업탑점,울산광역시,남구,"울산광역시 남구 수암로 12, 1층(신정동)"
52,산북점,경기,양주시,경기 양주시 평화로 1267번길 6
53,안양2점,경기도,안양시,경기도 안양시 만안구 박달로 542번길 24
54,고덕국제점,경기도,평택시,경기도 평택시 고덕면 여염리4279-3
55,영통점,경기도,수원시,경기도 수원시 영통구 청명로 69
56,녹양점,경기,의정부시,경기 의정부시 녹양로 79
57,송도센트럴점,인천광역시,연수구,인천광역시 연수구 하모니로 188번길 17
58,은계지구점,경기도,시흥시,경기도 시흥시 은계호수로 49
59,다산진건1호점,경기도,남양주시,"경기도 남양주시 다산순환로  325 , 아이파크상가 108호"
60,당왕동점,경기도,안성시,경기도 안성시 고수2로 70
61,월곡역점,서울특별시,성북구,"서울특별시 성북구 화랑로5길 4, 1층(하월곡동)"
62,금호점,서울특별시,성동구,"서울특별시 성동구 독서당로 276, 1층 102호 (금호동4가)"
63,이태원역점,서울특별시,용산구,서울특별시 용산구 우사단로10길 28. 1층(이태원동)
64,남항점,부산광역시,영도구,"부산광역시 영도구 남항시장길 324, 1층 1호 (영선동2가)"
65,내동점,경상남도,김해시,"경상남도 김해시 금관대로 1365번길 4-21, 1층 (내동)"
66,홍대점,서울특별시,마포구,"서울특별시 마포구 와우산로 23, 지층(상수동, 규민빌딩)"
67,문형점,경기도,광주시,경기도 광주시 오포읍 오포로 447
68,진동점,경상남도,창원시,경상남도 창원시 마산합포구 진동면 삼진의거대로 660
69,화봉점,울산광역시,북구,울산광역시 북구 상방로 78
70,송현점,경상북도,안동시,경상북도 안동시 합전2길 19
71,옥동점,경상북도,안동시,경상북도 안동시 복주1길 5
72,대도점,경상북도,포항시,경상북도 포항시 남구 상대로 142
73,목천점,충청남도,천안시,충청남도 천안시 동남구 목천읍 목천안터2길 10
74,송정점,경기도,이천시,경기도 이천시 증신로 273
75,유구점,충청남도,공주시,충청남도 공주시 유구읍 석남리 269 -3
76,신기점,전남,여수시,전남 여수시 신기남4길 14
77,케이준 덕풍점,경기도,하남시,경기도 하남시 하남대로861번길 5
78,화명신도시점,부산광역시,북구,부산광역시 북구 금곡대로303번길 69
79,해운대점,부산광역시,해운대구,부산광역시 해운대구 해운대해변로209번길26
80,시청점,부산,연제구,부산 연제구 연제로 3
81,압량점,경상북도,경산시,경상북도 경산시 청운2로 74
82,축산점,경상북도,영덕군,경상북도 영덕군 축산면 축산항길 15
83,도청점,경상북도,예천군,경상북도 예천군 호명면 양지5길 4
84,다산점,경상북도,고령군,경상북도 고령군 다산면 상곡1길 16
85,외동점,경북,경주시,경북 경주시 외동읍 내외로 229-5
86,평리점,대구광역시,서구,대구광역시 서구 통학로 85-2
87,임당점,경상북도,경산시,경상북도 경산시 남매공원로2길 35
88,장기점,대구시,달서구,대구시 달서구 장기동 824-3
89,범물1점,대구시,수성구,대구시 수성구 범물동 1369-11
90,가산점,경북,칠곡군,경북 칠곡군 가산면 경북대로 1588
91,아산원남점,충청남도,아산시,충청남도 아산시 음봉면 음봉면로251번길 48
92,유곡점,충남,당진시,충남 당진시 송산면 서정9길 12
93,합덕점,충남,당진시,충남 당진시 합덕읍 미락1안길 31
94,삽교점,충청남도,예산군,충청남도 예산군 삽교읍 삽교로 167
95,당진CGV점,충남,당진시,충남 당진시 북문로1길 41-12
96,문화점,대전광역시,중구,대전광역시 중구 송리로 42
97,탕정점,충남,아산시,충남 아산시 탕정면 탕정면로8번길 93-3
98,죽정점,충남,보령시,충남 보령시 봉황로 72-11
99,사창점,충북,청주시,충북 청주시 서원구 창직로 17-1
100,성화점,충북,청주시,충북 청주시 서원구 신화로 39
101,한밭대점,대전,유성구,대전 유성구 학하서로121번길 39-11
102,태안점,충남,태안군,충남 태안군 태안읍 군청7길 31
103,청양점,충청남도,청양군,충청남도 청양군 청양읍 칠갑산로 2길 13
104,지웰점,충청북도,청주시,충청북도 청주시 흥덕구 대신로73번길 86-1
105,지웰복대점,충북,청주시,충북 청주시 흥덕구 증안로22번길 13-12
106,종촌점,세종시,도움1로,세종시 도움1로 106
107,조치원점,세종시,조치원읍,세종시 조치원읍 행복길20
108,정림점,대전,서구,대전 서구 정림동 533
109,장항점,충남,서천군,충남 서천군 장항읍 신창서로51
110,자양우송대점,대전광역시,대동,대전광역시 대동 358-3
111,용암점,충청북도,청주시,충청북도 청주시 상당구 용암동 2325
112,옥산점,충북,청주시,충북 청주시 흥덕구 옥산면 옥산시내1길 49
113,연무대점,충남,논산시,충남 논산시 연무읍 연무로 189
114,안서점,충청남도,천안시,충청남도 천안시 동남구 각원사길 38
115,신불당점,충남,천안시,충남 천안시 서북구 불당동 1548
116,신방청당점,충청남도,천안시,충청남도 천안시 동남구 풍세로 810
117,송절테크노점,충북,청주시,충북 청주시 흥덕구 송화로184번길 7
118,산남점,충북,청주시,충북 청주시 서원구 산남동 498
119,분평점,충청북도,청주시,충청북도 청주시 분평동 249-6
120,보은점,충청북도,보은군,충청북도 보은군 보은읍 삼산남로 20
121,보람시청점,세종시,호려울로,세종시 호려울로 19
122,모항만리포점,충남,태안군,충남 태안군 소원면 모항파도로 113
123,만년점,대전,서구,대전 서구 만년남로3번길 1
124,둔포점,충청남도,아산시,충청남도 아산시 둔포면 아산밸리중앙로47
125,동대점,충청남도,보령시,충청남도 보령시 동현로 26
126,도담어진점,세종시,보듬4로,세종시 보듬4로 9
127,대천해수욕장점,충남,보령시,충남 보령시 해수욕장5길7
128,노은사랑점,대전,유성구,대전 유성구 지족로148번길 9
129,내포점,충남,홍성군,충남 홍성군 홍북읍 자경로 17
130,내덕청대점,충북,청주시,충북 청주시 청원구 안덕벌로49번길 6
131,기지시점,충청남도,당진시,충청남도 당진시 송악읍 반촌로 98-4
132,관저사랑점,대전광역시,서구,대전광역시 서구 관저중로84번길 9-13
133,가장내동점,대전광역시,서구,대전광역시 서구 괴정동 82-22
134,가오점,대전광역시,동구,대전광역시 동구 대전로 437
135,강릉교동점,강원도,강릉시,강원도 강릉시 지변동 285-21
136,보문점,서울특별시,성북구,서울특별시 성북구 보문로 109
137,화순점,전남,화순군,전남 화순군 화순읍 쌍충로 12-1
138,진월점,광주,남구,광주 남구 금당로 78
139,웅천점,전남,여수시,전남 여수시 웅천로 261
140,어양점,전북,익산시,전북 익산시 하나로10길 13
141,부안점,전북,부안군,전북 부안군 부안읍 오리정로172-1
142,가호점,경남,진주시,경남 진주시 호탄길21번길 10-2
143,농소점,경남,거제시,경남 거제시 장목면 거제북로 2586
144,함양점,경남,함양군,경남 함양군 함양읍 교산3길 3
145,호계점,창원시,마산회원구,창원시 마산회원구 내서읍 광려천북로 184-1
146,현동점,경남,창원시,경남 창원시 마산합포구 현동6길 18
147,초전점,경남,진주시,경남 진주시 초전북로 61번길 15-15
148,양덕점,경남,창원시,경남 창원시 마산회원구 양덕남7길 13
149,신원점,경남,거창군,경남 거창군 신원면 신차로 3062
150,교방점,경남,창원시,경남 창원시 마산회원구 회원남로 14
151,문동점,경남,거제시,경남 거제시 거제중앙로 1537
152,마산장군점,경남,창원시,경남 창원시 마산합포구 장군천로 42
153,도동점,경남,진주시,경남 진주시 도동로 240번길 10
154,금남점,경남,하동군,경남 하동군 금남면 섬진강대로 972
155,강릉중앙점,강원도,강릉시,강원도 강릉시 금성로 58
156,국토정중앙면점,강원,양구군,강원 양구군 국토정중앙면 삼팔선로 10
157,신동정원점,강원도,정선군,강원도 정선군 신동읍 예미리 766
158,내곡관동대점,강원도,관대길,강원도 관대길 32
159,봉오점,강원도,화천군,강원도 화천군 상서면 신월동로 10
160,목행점,충주시,행정9길,충주시 행정9길 32
161,입암점,강원도,강릉시,강원도 강릉시 월대산로 59
162,산양점,강원도,화천군,강원도 화천군 상서면  영서로 7756-1
163,포남점,강원도,강릉시,강원도 강릉시 경강로 2356번길 11
164,북평점,강원,동해시,강원 동해시 오일장길 7
165,함덕점,제주특별자치도,제주시,제주특별자치도 제주시 조천읍 함덕남16길 108
166,고덕점,서울특별시,강동구,서울특별시 강동구 아리수로74길 35-23
167,사당2점,서울특별시,동작구,서울특별시 동작구 동작대로29나길 30
168,남창점,울산광역시,울주군,"울산광역시 울주군 온양읍 솔밭1길 23-5, 1층"
169,남구청현대점,부산광역시,남구,부산광역시 남구 문현로 63(문현동)
170,광안해변점,부산광역시,수영구,"부산광역시 수영구 수영로 506, 근린생활시설-2동 10호 (광안동)"
171,명학역점,경기도,안양시,경기도 안양시 만안구 안양로 96
172,아주대점,경기도,수원시,경기도 수원시 팔달구 중부대로220번길 10
173,도마교동점,경기,군포시,경기 군포시 송부로34번길 9-16
174,금촌점,경기도,파주시,경기도 파주시 황골로 15
175,천상점,울산광역시,울주군,"울산광역시 울주군 범서읍 천상1길 18, 104호"
176,영주점,부산광역시,중구,부산광역시 중구 중구로 64 (대청동4가)
177,고한점,강원도,정선군,강원도 정선군 고한읍 고한로 133-1
178,중랑역점,서울특별시,중랑구,"서울특별시 중랑구 중랑천로 117, 가동 1층(중화동, 정광빌딩)"
179,은평뉴타운점,서울특별시,은평구,"서울특별시 은평구 진관3로 67, 909동 1층 상가108호(진관동, 은평뉴타운 구파발)"
180,창5점,서울특별시,도봉구,서울특별시 도봉구 마들로 555
181,신당점,서울특별시,중구,서울특별시 중구 퇴계로74길 21-5 1층 103호
182,용곡점,충남,천안시,충남 천안시 동남구 용곡5길 39-4
183,정왕1호점,경기도,시흥시,경기도 시흥시 정왕대로233번안길 3-4
184,심곡본점,경기도,부천시,경기도 부천시 경인로 190
185,우정혁신점,울산광역시,중구,"울산광역시 중구 평동3길  32, 1    2층(유곡동)"
186,영화점,경기,수원시,경기 수원시 장안구 수성로364번길 15
187,답십리점,서울특별시,동대문구,"서울특별시 동대문구 서울시립대로4길 27, 1층(전농동)"
188,이동석동점,경상남도,창원시,"경상남도 창원시 진해구 이동로38번길 9, 1층(이동)"
189,송현점,인천광역시,동구,인천광역시 동구 수문통로 35
190,별내2호점,경기,남양주시,경기 남양주시 덕송2로6번길 12-7
191,의정부중앙점,경기,의정부시,경기 의정부시 평화로 608
192,금당점,전남,순천시,"전남 순천시 조례못등길 85, 1층"
193,원주기업도시점,강원도,원주시,강원도 원주시 지정면 신지정로 300
194,신례원점,충청남도,예산군,충청남도 예산군 예산읍 창신로 67
195,오학점,경기도,여주시,경기도 여주시 현암3길 16
196,내발산점,서울특별시,강서구,서울특별시 강서구 우장산로 19
197,월영경대점,경상남도,창원시,경상남도 창원시 마산합포구 월영북16길 19
198,오창2산단점,충북,청주시,충북 청주시 청원구 오창읍 주성1길 12
199,망포점,경기도,수원시,경기도 수원시 영통구 영통로 153번길 6
200,고강점,경기도,부천시,경기도 부천시 수주로 21-1
201,도계점,강원도,삼척시,강원도 삼척시 도계읍 도계로 324-1
202,청라2점,인천광역시,서구,인천광역시 서구 솔빛로 55
203,복정점,경기도,성남시,경기도 성남시 수정구 복정로 92-1
204,중앙역점,경기도,안산시,경기도 안산시 단원구 광덕3로 243
205,덕포점,부산광역시,사상구,"부산광역시 사상구 사상로342번길 40, 1층 102호 (덕포동)"
206,마곡점,서울특별시,강서구,서울특별시 강서구 마곡중앙4로 22
207,남해고현점,경상남도,남해군,경상남도 남해군 고현면 탑동로 54
208,창선점,경상남도,남해군,"경상남도 남해군 창선면 창선로 107-1, 2층"
209,동금점,경상남도,사천시,경상남도 사천시 중앙로 81-1
210,사천점,경상남도,사천시,경상남도 사천시 사천읍 평화2길 38
211,감계점,경상남도,창원시,"경상남도 창원시 의창구 북면 동전로 15, 105호"
212,양지점,경기,남양주시,경기 남양주시 오남읍 진건오남로797번길 28
213,신사점,서울특별시,은평구,서울특별시 은평구 신사동 40-6
214,중곡역점,서울특별시,광진구,"서울특별시 광진구 긴고랑로 5, 1층(중곡동)"
215,응암점,서울특별시,은평구,"서울특별시 은평구 백련산로 36, 상가동 106호(응암동, 백련산 힐스테이트 3차)"
216,돈암점,서울특별시,성북구,"서울특별시 성북구 아리랑로6길 4, 1층(동선동5가)"
217,거여점,서울특별시,송파구,"서울특별시 송파구 거마로7길 3, 1층 101호(거여동)"
218,밀양내이점,경상남도,밀양시,경상남도 밀양시 북성로4길 16
219,남지점,경남,창녕군,경남 창녕군 남지읍 남지중앙로 90
220,신호동점,부산광역시,강서구,부산광역시 강서구 신호산단3로 66 1층 101호
221,율하2지구점,경상남도,김해시,"경상남도 김해시 율하로 479-1, 331동 1층 104호(장유동, 원메이저푸르지오)"
222,남부동점,경남,양산시,경남 양산시 남부동 605-1번지 106호
223,세곡점,서울특별시,강남구,"서울특별시 강남구 헌릉로571길 7, 1층 103호(세곡동, 강남레체)"
224,오금점,서울특별시,송파구,"서울특별시 송파구 마천로 165, 1층(오금동)"
225,구산점,경상남도,김해시,경상남도 김해시 구산동 1083-7번지 101호
226,예산점,충남,예산군,충남 예산군 예산읍 벚꽃로 155번길 43
227,신창점,광주,광산구,"광주 광산구 신창로36번길 19, 1층(신창동)"
228,장덕점,광주,광산구,"광주 광산구 장덕로39번길 14, 1층(장덕동)"
229,학동방림점,광주,동구,"광주 동구 천변우로 603, 102-101(학동)"
230,운남점,광주,광산구,"광주 광산구 목련로 273번안길 43, 2층(운남동)"
231,전대점,광주,북구,"광주 북구 우치로 100번길 3-2, 1층(용봉동)"
232,법원점,경기도,파주시,경기도 파주시 법원읍 술이홀로 969
233,옥정2호점,경기,양주시,경기 양주시 옥정동로5나길 119
234,전주혁신점,전주시,덕진구,전주시 덕진구 중동 오정2길3
235,수서점,서울특별시,강남구,서울특별시 강남구 광평로56길 8-9
236,석전점,경상남도,창원시,경상남도 창원시 마산회원구 석전북2길 43
237,등촌점,서울특별시,강서구,서울특별시 강서구 양천로 400-12
238,행당점,서울특별시,성동구,"서울특별시 성동구 행당로 76, 1층 117호(행당동, 행당한진타운 단지상가)"
239,북정점,경상남도,양산시,"경상남도 양산시 북정중앙로 37, 1층 일부 (북정동)"
240,성안점,울산광역시,중구,"울산광역시 중구 함월22길 25, 102호(성안동, 성안청구타운아파트)"
241,모래내시장점,인천광역시,남동구,인천광역시 남동구 구월말로 69-19
242,반송점,부산광역시,해운대구,"부산광역시 해운대구 반송로924번길 15, 1증(반송동)"
243,한림점,제주시,한림읍,"제주시 한림읍 한림상로 204,1층"
244,동구서부점,울산광역시,동구,울산광역시 동구 명덕3길 6 (서부동)
245,양주대동상가점,경상남도,양산시,"경상남도 양산시 양주로 156, 123동 1층 106호(중부동,대동황토방아파트)"
246,전포동성점,부산광역시,부산진구,부산광역시 부산진구 동성로 30길 4
247,물금가촌점,양산시,물금읍,"양산시 물금읍 물금로 57, 상가2동 1층 109호(양산 이지더원 5차 아파트)"
248,난곡점,서울특별시,관악구,서울특별시 관악구 난우길 47
249,풍덕천점,경기도,용인시,경기도 용인시 수지구 풍덕천로160번길 5-1
250,월피점,경기,안산시,경기 안산시 상록구 광덕산2로 18
251,동탄목동점,경기도,화성시,경기도 화성시 동탄순환대로20길 70
252,국수점,경기,양평군,경기 양평군 양서면 경강로 1015
253,김화점,강원도,철원군,강원도 철원군 김화읍 김화로 635
254,식사점,경기,고양시,경기 고양시 일산동구 위시티4로 80
255,지금점,경기,남양주시,경기 남양주시 다산지금로 124-82
256,운정2호점,경기,파주시,경기 파주시 산내로104번길 14-8
257,덕소점,경기,남양주시,경기 남양주시 와부읍 덕소로 177
258,고색점,경기도,수원시,경기도 수원시 권선구 매송고색로 691번길 6(고색동)
259,수성점,대구광역시,수성구,"대구광역시 수성구 수성로53길 20, 1층"
260,민락수변공원점,부산광역시,수영구,"부산광역시 수영구 광안해변로326번길 32, 1층 102호 (민락동, e편한세상오션테라스3단지)"
261,상일점,서울특별시,강동구,서울특별시 강동구 천호대로 219번길 74
262,석수점,경기도,안양시,경기도 안양시 만안구 석천로 168
263,운정3호점,경기,파주시,경기 파주시 가람로 51번길 26-30
264,교문점,경기,구리시,경기 구리시 이문안로 9-1
265,밀양무안점,경상남도,밀양시,경상남도 밀양시 무안면 사명로 503
266,밀양구기점,경상남도,밀양시,경상남도 밀양시 청도면 청도로 111
267,송현점,대구광역시,달서구,대구광역시 달서구 송현로 103
268,세천점,대구광역시,달성군,대구광역시 달성군 다사읍 세천로10길 15-7
269,하양점,경상북도,경산시,"경상북도 경산시 하양읍 문화로 12,2층"
270,광명1호점,경기도,광명시,경기도 광명시 오리로 1023
271,십정점,인천광역시,부평구,인천광역시 부평구 배곶로 77
272,흑석점,서울특별시,동작구,서울특별시 동작구 현충로52
273,서석점,강원도,홍천군,강원도 홍천군 서석면 구룡령로 2532
274,삼산본동점,울산광역시,남구,울산광역시 남구 남중로 76 (삼산동)
275,하계점,서울시,노원구,"서울시 노원구 공릉로58길 176, 상가동 101호(하계동, 우방아파트)"
276,구의광장점,서울시,광진구,"서울시 광진구 광나루로 545, 상강 제A동 1층 2호"
277,제기점,서울시,동대문구,서울시 동대문구 고산자로 56길 20
278,독립문점,서울시,종로구,서울시 종로구 사직로 11
279,광운대점,서울시,성북구,서울시 성북구 장위로 49길 1-1(장위동)
280,녹번점,서울시,은평구,서울시 은평구 통일로 649(녹번동)
281,양곡점,경기도,김포시,경기도 김포시 양촌읍 양곡2로30번길 7-23
282,고덕1호점,경기도,평택시,경기도 평택시 고덕면 고덕여염 11길 114
283,삼양점,서울특별시,강북구,서울특별시 강북구 삼양로54길 7
284,동서변점,대구광역시,북구,대구광역시 북구 환성정길7
285,울릉도점,경상북도,울릉군,경상북도 울릉군 울릉읍 울릉순환로 212-21
286,하단가락타운점,부산광역시,사하구,"부산광역시 사하구 동매로 35, 1층(하단동)"
287,상남점,경상남도,창원시,경상남도 창원시 성산구 상남로 107 메종드테라스
288,미조점,경상남도,남해군,경상남도 남해군 미조면 미조로236번길 25
289,칠암점,경상남도,진주시,경상남도 진주시 진주대로856번길 5
290,중앙여좌점,경상남도,창원시,경상남도 창원시 진해구 중원로 10
291,진주혁신도시점,경상남도,진주시,경상남도 진주시 충의로 20-16
292,모라점,부산광역시,사상구,부산광역시 사상구 백양대로 906
293,동남지구점,충청북도,청주시,충청북도 청주시 상당구 중고개로 104 309동
294,치평점,광주광역시,서구,광주광역시 서구 상무대로 739
295,상주점,경상남도,남해군,경상남도 남해군 상주면 남해대로 696
296,관산내유점,경기,고양시,경기 고양시 덕양구 동헌로 3번길 3
297,구월아시아드점,인천광역시,남동구,인천광역시 남동구 구월동 1542-2
298,동천점,경기도,용인시,경기도 용인시 수지구 수풍로 117번길 2-6
299,가락점,서울,송파구,서울 송파구 가락동 82-6
300,도화점,인천광역시,미추홀구,인천광역시 미추홀구 숙골로 116
301,위례역점,경기도,성남시,경기도 성남시 수정구 위례광장로 27
302,매곡삼각점,광주,북구,광주 북구 매곡로 63(매곡동)
303,염주점,광주,서구,광주 서구 염화로40번길 201-1
304,서판교점,경기,성남시,경기 성남시 분당구 운중로 129
305,송파장지점,서울,송파구,서울 송파구 새말로6길 24-33
306,서귀포신시가지점,제주특별자치도,서귀포시,제주특별자치도 서귀포시 김정문화로41번길 24-5
307,오목교점,서울특별시,양천구,서울특별시 양천구 은행정로19가길 8
308,팽성점,경기도,평택시,경기도 평택시 팽성읍 안정순환로 142
309,위례중앙점,서울,송파구,서울 송파구 장지동 896
310,성남점,울산광역시,중구,"울산광역시 중구 중앙길 118, 1층 (성남동)"
311,호평점,경기,남양주시,"경기 남양주시 늘을2로 96, 호평마을대주파크빌 상가 109호"
312,남면점,경상북도,김천시,경상북도 김천시 천동길 303-5
313,죽도점,경상북도,포항시,경상북도 포항시 북구 대해로 15
314,금장현곡점,경상북도,경주시,경상북도 경주시 현곡면 금장5길 34-15
315,관음점,대구광역시,북구,대구광역시 북구 칠곡중앙대로 429
316,이곡신당점,대구광역시,달서구,대구광역시 달서구 선원로37길 20
317,유강점,경상북도,포항시,경상북도 포항시 남구 연일읍 유강길 17
318,봉덕점,대구광역시,남구,대구광역시 남구 봉덕로21길 53-3
319,노원점,대구광역시,북구,"대구광역시 북구 침산남로7길 50-21,상가동 103호"
320,동탄새강마을점,경기도,화성시,경기도 화성시 반송동 155-6
321,평택용이점,경기도,평택시,경기도 평택시 용이동 452-20
322,구영점,울산광역시,울주군,울산광역시 울주군 범서읍 798-1 102호
323,미사강변점,경기도,하남시,경기도 하남시 망월동 976-3
324,오송호수공원점,충북,청주시,충북 청주시 흥덕구 오송읍 만수리 546
325,외도하귀점,제주,제주시,"제주 제주시 우령서로 16, 1층"
326,연수2점,인천광역시,연수구,인천광역시 연수구 샘말로 87번길 7-6
327,성복역점,경기도,용인시,경기도 용인시 수지구 성복2로 51 A동
328,곤지암점,경기,광주시,경기 광주시 곤지암읍 평촌길 35-11
329,강상점,경기도,양평군,경기도 양평군 강상면 강남로 913번길 1
330,중산점,경기도,고양시,"경기도 고양시 일산동구 탄중로 311-16, 101호"
331,장곡점,경기도,시흥시,경기도 시흥시 장곡로 49번길 5-1.1층 101호(장곡동)
332,주촌신도시점,경상남도,김해시,"경상남도 김해시 주촌면 선천남로 13, 2층"
333,기산점,경기도,화성시,경기도 화성시 동탄지성로 410
334,탄방점,대전광역시,서구,"대전광역시 서구 남선로 59번길 21, 1층"
335,제천본점,충북,제천시,충북 제천시 강제동 818번지 1층
336,대연혁신점,부산광역시,남구,"부산광역시 남구 수영로325번길 61,301동 B107호 (대연동, 대연 롯데캐슬)"
337,연세대점,강원도,원주시,강원도 원주시 흥업면 매남동길 3-2 1층
338,백령도점,인천광역시,옹진군,인천광역시 옹진군 백령면664-7
339,금암점,충남,계룡시,충남 계룡시 장안1길 6 101호
340,금호점,광주,서구,광주 서구 금화로73번길 18-9 1층(금호동)
341,옥길점,경기도,부천시,경기도 부천시 옥길동 715-6
342,도당점,경기도,부천시,경기도 부천시 도당동43-8
343,봉양점,충청북도,제천시,충청북도 제천시 제원로 2길 7
344,가정점,인천광역시,서구,인천광역시 서구 가정동612-17
345,세류점,경기도,수원시,경기도 수원시 권선구 세지로80
346,도남시청점,제주시,신성로,제주시 신성로 19
347,고운점,세종시,고운서길,세종시 고운서길 10
348,소담점,세종시,국책연구원1로,"세종시 국책연구원1로 15, 상가A동 1층 102호"
349,고촌점,경기도,김포시,경기도 김포시 고촌읍 신곡리1160
350,부평점,부산광역시,중구,"부산광역시 중구 흑교로 21번길 20 1층,(부평동4가)"
351,무실점,강원도,원주시,강원도 원주시 시청로 11 1층 102호
352,첨단점,광주,광산구,광주 광산구 첨단내촌로 66
353,장흥점,전남,장흥군,전남 장흥군 장흥읍 동교로 40
354,동산반월점,전북,전주시,전북 전주시 덕진구 쪽구름로 128(반월동)
355,송천점,전북,전주시,"전북 전주시 덕진구 붓내1길 10, 208동 2층 204(송천동2가)"
356,인후점,전북,전주시,"전북 전주시 덕진구 거북바우로 148, 1층(인후동2가)"
357,아라점,제주특별자치도,제주시,제주특별자치도 제주시 아란8길 16
358,호암점,충청북도,충주시,충청북도 충주시 호암동1216
359,보라점,경기도,용인시,경기도 용인시 기흥구 사은로84번길 10
360,신월점,서울특별시,양천구,서울특별시 양천구 신월동 1057-1
361,창전점,경기도,이천시,경기도 이천시 창전동451-28
362,아중점,전북,전주시,전북 전주시 덕진구 석소로 9-6
363,평화점,전북,전주시,전북 전주시 완산구 평화18길 23-10
364,신시가지점,전북,전주시,전북 전주시 완산구 후곡길 23-9
365,나주혁신점,전남,나주시,전남 나주시 배멧2길 39 로데오 빌딩 101호
366,보성점,전라남도,보성군,전라남도 보성군 보성읍 주봉리 398
367,서충주기업도시점,충북,충주시,충북 충주시 중앙탑면 원앙 9길 10 C동 1층 109호 (코아루 더 테라스상가)
368,단양점,충북,단양군,충북 단양군 단양읍 상진 13길 11
369,공주신관점,충청남도,공주시,"충청남도 공주시 신금2길 17, 1층 104호"
370,해운대좌동1호점,부산광역시,해운대구,"부산광역시 해운대구 좌동로 152,1층 157호(좌동, 신도시시장)"
371,민락코스트코점,경기,의정부시,"경기 의정부시 용민로 469 , 107호"
372,묵현점,경기,남양주시,경기 남양주시 화도읍 먹갓로 28번길 5
373,인창점,경기,구리시,"경기 구리시 응달말로 51 , 107호"
374,사동계양점,경상북도,경산시,경상북도 경산시 원효로32길 10
375,국우점,대구광역시,북구,대구광역시 북구 학남로 99 A동 102호
376,용흥점,경상북도,포항시,경상북도 포항시 북구 새마을로 88 1층
377,동천점,경상북도,경주시,경상북도 경주시 대안길 39-2
378,호미지구점,충청북도,청주시,충청북도 청주시 상당구 수영로360
379,장지점,경기도,광주시,경기도 광주시 순암로55
380,연지점,부산광역시,부산진구,부산광역시 부산진구 성지로 93(초읍동)
381,영등포점,서울특별시,영등포구,서울특별시 영등포구 영등포동7가 203외2필지
382,신창점,충청남도,아산시,충청남도 아산시 신창면 행목로217
383,한숲시티점,경기도,용인시,경기도 용인시 처인구 남사면 한숲로 45
384,토당점,경기도,고양시,경기도 고양시 덕양구 토당로125
385,평택역점,경기도,평택시,경기도 평택시 평택동 292
386,서귀포점,서귀포시,이중섭로,서귀포시 이중섭로 11
387,제주삼양점,제주시,일주동로,제주시 일주동로 378
388,이도점,제주시,승천로89,제주시 승천로89
389,제주연동점,제주시,사장2길31,제주시 사장2길31
390,용담점,제주시,용문로,제주시 용문로 162
391,범일점,부산광역시,동구,부산광역시 동구 범상로 23 (범일동)
392,성내점,서울특별시,강동구,서울특별시 강동구 성내동 434-6
393,서면1호점,부산광역시,부산진구,"부산광역시 부산진구 새싹로 41-1 , 1층(부전동"
394,세마점,경기도,오산시,경기도 오산시 양산동 673-3
395,일도점,제주특별자치도,제주시,제주특별자치도 제주시 일도2동 402-26
396,성성점,충청남도,천안시,충청남도 천안시 서북구 성성9로 7
397,생초점,경상남도,산청군,경상남도 산청군 생초면 새실로3
398,서산시청점,충청남도,서산시,충청남도 서산시 고운로142
399,원당점,인천광역시,서구,인천광역시 서구 고산후로121번길 15
400,상암점,서울특별시,마포구,서울특별시 마포구 성암로79
401,도봉점,서울특별시,도봉구,서울특별시 도봉구 마들로28길 58
402,파장점,경기도,수원시,경기도 수원시 장안구 파장천로 6
403,중산점,울산광역시,북구,"울산광역시 북구 중산로 7, 지상1층 (중산동)"
404,충북청천점,충청북도,괴산군,충청북도 괴산군 청천면 청천2길 5
405,상도터미널점,경상북도,포항시,경상북도 포항시 남구 중흥로100번길 10
406,노형점,제주특별자치도,제주시,제주특별자치도 제주시 월랑북길10
407,광명역점,경기도,광명시,경기도 광명시 일직로12번길 19
408,북아현점,서울특별시,서대문구,서울특별시 서대문구 경기대로9길 81 (충정로 3가)
409,홍제점,서울특별시,서대문구,서울특별시 서대문구 통일로39가길 57
410,안암점,서울특별시,성북구,서울특별시 성북구 고려대로13길 43
411,상계점,서울특별시,노원구,서울특별시 노원구 상계로23다길 5
412,증산점,경남,양산시,경남 양산시 물금읍 새실2길 13
413,옥산점,경상북도,경산시,경상북도 경산시 성암로 7길 8 A동  105호
414,이동점,경상북도,포항시,"경상북도 포항시 남구 대이로 145, 102호"
415,유천오류점,대전광역시,중구,대전광역시 중구 계백로 1603번길 28-6 1층(유천동)
416,운양점,경기도,김포시,경기도 김포시 김포한강11로 38
417,교동점,경남,양산시,경남 양산시 교동 245-2  협성강변타운 제상가 104동 101호
418,송도점,부산광역시,서구,"부산광역시 서구 충무대로 34, 상가동 2층 2-2호"
419,용마산점,서울특별시,중랑구,서울특별시 중랑구 용마산로109길 24 (망우동)
420,장안점,서울특별시,동대문구,서울특별시 동대문구 답십리로68길 67
421,새솔점,경기도,화성시,경기도 화성시 수노을2로 36
422,대림동산점,경기도,안성시,경기도 안성시 공도읍 대림동산길55
423,강일점,서울특별시,강동구,서울특별시 강동구 강일동 676-1
424,삼학점,전남,목포시,"전남 목포시 둥근섬로 54번길 14, 1층(산정동)"
425,명지오션시티점,부산광역시,강서구,"부산광역시 강서구 명지오션시티10로 114,"
426,서대신점,부산광역시,서구,부산광역시 서구 대영로38번길 11(서대신동1가)
427,김량장점,경기도,용인시,경기도 용인시 처인구 김량장동 295-1
428,내손갈뫼점,경기도,의왕시,경기도 의왕시 내손동 741-1
429,고림점,경기도,용인시,경기도 용인시 처인구 고림동 1005
430,정관방곡점,부산광역시,기장군,"부산광역시 기장군 정관읍 방곡3로 18-1 , 1층"
431,수원정자점,경기도,수원시,경기도 수원시 장안구 정자동 874-1
432,등촌역점,서울특별시,양천구,서울특별시 양천구 목동 960
433,포승점,경기도,평택시,경기도 평택시 포승읍 여술로74
434,인천논현2점,인천광역시,남동구,인천광역시 남동구 논현동 593-8
435,충무로점,서울특별시,중구,서울특별시 중구 퇴계로 179-1
436,신촌점,서울특별시,서대문구,서울특별시 서대문구 성산로22길36
437,창우점,경기도,하남시,경기도 하남시 대청로119-1
438,미사역점,경기도,하남시,경기도 하남시 미사강변중앙로173
439,신성자운점,대전,유성구,"대전 유성구 신성로77, 1층 (신성동)"
440,횡성점,강원도,횡성군,강원도 횡성군 횡성읍 읍마북로 13
441,영월점,강원도,영월군,강원도 영월군 영월읍 은행나무5길 41
442,송지호점,강원도,고성군,강원도 고성군 오호길 18
443,반곡혁신점,강원도,원주시,강원도 원주시 양지로 160-2(반곡동)
444,문막점,강원도,원주시,강원도 원주시 문막읍 문막시장 1길 35
445,케이준 철산한신점,경기도,광명시,경기도 광명시 철망산로 87
446,케이준 원곡점,경기도,안산시,경기도 안산시 단원구 지곡로1안길 12
447,오포점,경기도,광주시,경기도 광주시 오포읍 양벌로 315
448,케이준 소하점,경기도,광명시,경기도 광명시 성채안로 26
449,케이준 부천상동점,경기도,부천시,경기도 부천시 상동 559-3
450,케이준 본오점,경기도,안산시,경기도 안산시 상록구 본오동 827-8
451,동백점,경기도,용인시,경기도 용인시 기흥구 동백3로 11번길 12
452,초월점,경기도,광주시,경기도 광주시 초월읍 대쌍령리 191-6
453,오천점,경기도,이천시,경기도 이천시 마장면 오천리 297-5
454,안산사동점,경기도,안산시,경기도 안산시 상록구 사동 1397-1
455,연산점,부산광역시,연제구,부산광역시 연제구 월드컵대로 109 1층(연산동)
456,약대점,경기도,부천시,경기도 부천시 약대동 216-1
457,삼정점,경상남도,김해시,"경상남도 김해시 활천로 36번길 46, 1층(삼정동)"
458,역곡점,경기도,부천시,경기도 부천시 안곡로 279번길 42
459,운서점,인천광역시,중구,인천광역시 중구 신도시남로 66
460,왕십리점,서울특별시,성동구,서울특별시 성동구 마장로23길 7
461,이문점,서울특별시,동대문구,서울특별시 동대문구 신이문로23길 23
462,독산2점,서울특별시,금천구,서울특별시 금천구 시흥대로 90길 32-8
463,도안가수원점,대전광역시,서구,대전광역시 서구 가수원동 913
464,두호점,경상북도,포항시,경상북도 포항시 북구 새천년대로1076번길 21 효암빌딩1층
465,숭의점,인천광역시,미추홀구,인천광역시 미추홀구 장천로 80
466,오태북삼점,경상북도,구미시,"경상북도 구미시 금오대로14길 32, 102호"
467,인천갈산점,인천광역시,부평구,인천광역시 부평구 주부토로 172번길 34 (갈산동)
468,갈현점,서울특별시,은평구,"서울특별시 은평구 갈현로 236, 1층 좌측호(갈현동)"
469,효창점,서울특별시,용산구,서울특별시 용산구 백범로77길 14 (원효로 1가)
470,구의자양점,서울특별시,광진구,서울특별시 광진구 화양동 467-1
471,율전점,경기도,수원시,경기도 수원시 장안구 율전동 360-9
472,송도2점,인천광역시,연수구,인천광역시 연수구 송도문화로 28번길 28 (송도동)
473,남원점,전북,남원시,"전북 남원시 용성로 207,상가동1층 114호(도통동)"
474,센텀점,부산광역시,해운대구,"부산광역시 해운대구 센텀중앙로 145, 상가3동 1층 103호(재송동,더샵센텀파크1차아파트)"
475,남외점,울산광역시,중구,"울산광역시 중구 남외로 86, 104동 103호 (남외동,삼일아파트 상가)"
476,대현점,대구광역시,북구,대구광역시 북구 대현로 118
477,울산대점,울산광역시,남구,"울산광역시 남구 대학로 94번길 6, 1층(무거동)"
478,수암점,울산광역시,남구,울산광역시 남구 중앙로 38(야음동)
479,상록점,경기도,안산시,경기도 안산시 상록구 서암로4길 20-1 (사동)
480,죽전점,경기도,용인시,경기도 용인시 수지구 현암로76
481,괴정샘터점,부산광역시,사하구,"부산광역시 사하구 낙동대로 233번길 59, 1층(괴정동)"
482,월성점,대구광역시,달서구,대구광역시 달서구 월성동 84-5 월성주공1단지 나동 103호
483,고잔점,경기도,안산시,경기도 안산시 단원구 고잔동 696-3
484,고령덕곡점,경북,고령군,경북 고령군 덕곡면 덕운로 586
485,고성점,대구광역시,북구,대구광역시 북구 고성북로3 101동 1층 4호
486,복현점,대구광역시,북구,대구광역시 북구 복현2동 134-2
487,수안점,부산광역시,동래구,"부산광역시 동래구 충렬대로218번길 26, 비동 1층(수안동)"
488,오전점,경기도,의왕시,"경기도 의왕시 등칙골4길 14, 1층 103호(오전동)"
489,화정점,울산광역시,동구,울산광역시 동구 대송8길 31(화정동)
490,청북점,경기도,평택시,경기도 평택시 청북읍 안청로4길 42
491,오산운암점,경기도,오산시,경기도 오산시 원동로6 (원동)
492,와동점,경기도,안산시,경기도 안산시 단원구 화정천동로 2안길 28
493,대화점,경기,고양시,"경기 고양시 일산서구 강성로 271 (대화동,대화씨티빌 101호)"
494,갈매점,경기도,구리시,경기도 구리시 갈매중앙로 81-6 (더오페라프라자 202호)
495,신주례점,부산광역시,사상구,부산광역시 사상구 백양대로 500번길 1
496,서창2점,인천광역시,남동구,인천광역시 남동구 서창남로 51
497,진주신평점,경남,진주시,"경남 진주시 신평공원길 25번길 8-4,1층"
498,봉곡사림점,경남,창원시,"경남 창원시 의창구 봉곡로 50,1층(봉곡동)"
499,구로점,서울특별시,구로구,서울특별시 구로구 구로중앙로 28길 31-7
500,헬리오시티점,서울특별시,송파구,서울특별시 송파구 가락로 16길 2-26 (석촌동)
501,남동탄점,경기도,화성시,경기도 화성시 동탄대로4길95 (장지동)
502,명지국제신도시점,부산광역시,강서구,"부산광역시 강서구 명지국제5로 14, 1층 101호(명지동, 서진빌딩)"
503,평창점,강원도,평창군,강원도 평창군 평창읍 백오1길 33
504,여주교동점,경기도,여주시,경기도 여주시 세종로 254-16 (교동)
505,도원점,대구광역시,달서구,대구광역시 달서구 도원남로56 산새마을 분산상가 1층 103호
506,장산역점,부산광역시,해운대구,"부산광역시 해운대구 세실로 7, 104호(좌동, 해운대상록아파트상가)"
507,구남역점,부산광역시,북구,부산광역시 북구 백양대로 1015번길 15(구포동)
508,이천점,경기도,이천시,경기도 이천시 관고동 12-4
509,부곡점,부산광역시,금정구,부산광역시 금정구 동현로 23(부곡동)
510,석산점,경상남도,양산시,경상남도 양산시 동면 금오7길 24
511,문현1동점,부산광역시,남구,"부산광역시 남구 고동골로 66, 1층(문현동)"
512,상동점,경남,거제시,경남 거제시 거제중앙로3길 14-2(상동동)
513,소사벌점,경기도,평택시,경기도 평택시 비전동 1053
514,동탄중앙점,경기도,화성시,경기도 화성시 동탄산척로 2나길 6-7 (산척동)
515,항구영일대점,경상북도,포항시,경상북도 포항시 북구 아호로 3
516,반야월점,대구광역시,동구,대구광역시 동구 안심로41길 47
517,테크노폴리스점,대구광역시,달성군,대구광역시 달성군 유가읍 테크노중앙대로 326-35
518,비전점,경기도,평택시,경기도 평택시 중앙로235 (비전동)
519,능곡점,경기도,시흥시,경기도 시흥시 능곡중앙로77
520,비산점,경기도,안양시,경기도 안양시 동안구 평촌대로408 (비산동)
521,부곡점,경기도,의왕시,경기도 의왕시 삼동 150-16
522,홍성점,충남,홍성군,충남 홍성군 홍성읍 문화로 74
523,율량점,충북,청주시,충북 청주시 청원구 율량로190번길19
524,증평점,충북,증평군,충북 증평군 증평읍 문화로83
525,송강테크로점,대전시,유성구,대전시 유성구 구즉로48번길10
526,몰운대롯데캐슬점,부산광역시,사하구,"부산광역시 사하구 다대낙조2길 100, 101호(다대동,롯데캐슬몰운대아파트부상가)"
527,대구옥포돌미점,대구시,달성군,대구시 달성군 옥포면 돌미상업로2길 26
528,영양점,경상북도,영양군,경상북도 영양군 영양읍 중앙로 111
529,배곧점,경기도,시흥시,경기도 시흥시 정왕동 2476-2
530,광주점,경기도,광주시,경기도 광주시 송정동111-1
531,신하점,경기도,이천시,경기도 이천시 부발읍 신하리 432-15
532,관양점,경기도,안양시,경기도 안양시 동안구 관양동 1423
533,중동점,경기도,부천시,경기도 부천시 원미구 부흥로 272번길 22
534,일죽점,경기도,안성시,경기도 안성시 일죽면 송천리 28-4
535,인계점,경기도,수원시,경기도 수원시 팔달구 중부대로 80
536,이천사동점,경기도,이천시,경기도 이천시 대월면 사동리 182-2
537,은행점,경기도,시흥시,"경기도 시흥시 시흥대로 1074번길 28,106호(은행동, 녹원아파트 상가동)"
538,월곶점,경기도,시흥시,경기도 시흥시 월곶동 995
539,우만점,경기도,수원시,경기도 수원시 팔달구 세지로421번길 37 (우만동)
540,호법점,경기도,이천시,경기도 이천시 호법면 후안리 267-4
541,하안8점,경기도,광명시,경기도 광명시 하안동 260-2 8단지상가 104-2
542,하안12점,경기도,광명시,경기도 광명시 하안동 62-4  1층 3호
543,하안11점,경기도,광명시,경기도 광명시 하안동 30-5  10 단지상가  104
544,포일점,경기도,안양시,경기도 안양시 동안구 흥안대로 427번길 38
545,포도원점,경기도,안양시,경기도 안양시 동안구 호계3동 811 현대홈타운상가 107
546,평촌5점,경기도,안양시,경기도 안양시 동안구 평촌동 898-2 초원아파트상가110
547,태전점,경기도,광주시,경기도 광주시 태전동 688-1
548,철산점,경기도,광명시,경기도 광명시 철산동 240  주공13단지 상가동
549,천리점,경기도,용인시,경기도 용인시 이동면 천리 56-6
550,중앙대점,경기도,안성시,경기도 안성시 대덕면 내리 682-3
551,안양중앙점,경기,안양시,경기 안양시 만안구 삼덕로 80-1 (안양동) 1층
552,안성점,경기도,안성시,경기도 안성시 도기 4길 9(도기동)
553,신천리점,경기도,시흥시,경기도 시흥시 호현로49번안길 1(대야동)
554,신갈점,경기도,용인시,경기도 용인시 기흥구 신구로 38 청솔학원
555,소사점,경기도,부천시,"경기도 부천시 소사구 소사로202번길 27, 1층(소사본동)"
556,성포점,경기도,안산시,경기도 안산시 상록구 성포동 592-2
557,석수엘지점,경기도,안양시,경기도 안양시 만안구 석수동 415-2 엘지빌리지 상가
558,샘마을점,경기도,안양시,경기도 안양시 동안구 호계동 1116 샘마을상가 1층
559,산본점,경기도,군포시,경기도 군포시 산본동 1069-3 (1층)
560,북내점,경기도,여주시,경기도 여주시 북내면 여양2로 274
561,케이준 부곡점,경기도,안산시,경기도 안산시 상록구 성호로 340
562,보정점,경기도,용인시,"경기도 용인시 기흥구 죽현로 8-20 130(보정동,아이원프라자)"
563,범계점,경기도,안양,경기도 안양 동안 비산 1102 관악타운 상가122
564,백암점,경기도,용인시,경기도 용인시 처인구 백암면 백암리 391번지
565,백사점,경기도,이천시,경기도 이천시 백사면 현방리 67-12
566,박달점,경기도,안양시,경기도 안양시 만안구 박달동 149-1
567,미양점,경기도,안성시,경기도 안성시 미양면 보체리 405 상가 501동 101호
568,모현점,경기도,용인시,경기도 용인시 처인구 모현면 일산리112-82
569,만선점,경기도,광주시,경기도 광주시 곤지암읍 만선로 45
570,둔전점,경기도,용인시,경기도 용인시 처인구 포곡읍 포곡로 118번길 24-11
571,능평점,경기도,광주시,경기도 광주시 오포읍 수레실길 5
572,금정점,경기도,군포시,경기도 군포시 금정동 79-1 1층
573,군포점,경기도,군포시,경기도 군포시 당동 914-5번지
574,구성점,경기도,용인시,"경기도 용인시 기흥구 구성로 186(언남동, 신일푸른솔아파트단지내 1층"
575,공도점,경기도,안성시,경기도 안성시 공도읍 고무다리길 3
576,거모점,경기도,시흥시,경기도 시흥시 군자로504번안길 12(거모동)
577,이천갈산점,경기도,이천시,경기도 이천시 갈산로 87번길 4(갈산동)
578,가남점,경기도,여주시,경기도 여주시 가남읍 태평중앙1길 8-10
579,한솔새롬점,세종시,누리로28,세종시 누리로28
580,금정산SK점,부산광역시,금정구,"부산광역시 금정구 식물원로 82, 302동 201호(장전동, 금정에스케이뷰)"
581,평촌2호점,경기도,안양시,경기도 안양시 동안구 평촌대로127번길 38
582,목감점,경기도,시흥시,경기도 시흥시 목감중앙서로20 시흥목감엘에이치 7단지
583,시화3점,경기도,시흥시,"경기도 시흥시 정왕대로28번길 31 , 110(정왕동)"
584,시화2점,경기도,시흥시,"경기도 시흥시 옥구천서로373번길 43, 104호(정왕동, 주공1단지분산상가)"
585,정관롯데캐슬점,부산광역시,기장군,"부산광역시 기장군 정관읍 정관3로 52, 상가동 101호(롯데캐슬)"
586,호계2점,경기도,안양시,경기도 안양시 동안구 호계동 912-2
587,향남2점,경기도,화성시,경기도 화성시 향남읍 신광길 19. 102호
588,신림역점,서울특별시,관악구,"서울특별시 관악구 신림동길 40, 101(신림동)"
589,동삭점,경기도,평택시,"경기도 평택시 동삭로 397 상가동 104,105호"
590,길동점,서울시,강동구,서울시 강동구 길동 351-7
591,괴안점,경기도,부천시,경기도 부천시 소사 괴안동 89-1
592,덕진하가점,전북,전주시,전북 전주시 덕진구 가리내5길 16 103호(덕진동2가)
593,산하1호점,울산광역시,북구,"울산광역시 북구 화암6길 14, 1층 101호(산하동)"
594,부곡월산점,경상남도,김해시,"경상남도 김해시 월산로 111-67,1 1층 105호(부곡동, 신화프라자)"
595,괘법한신점,부산광역시,사상구,"부산광역시 사상구 광장로 37번길 82, 1층(괘법동,대동래미안)"
596,아주점,경남,거제시,"경남 거제시 아주1로1길 7-2,1층(아주동)"
597,대소점,충북,음성군,충북 음성군 대소면 오태로 75-1
598,진천장관점,충북,진천군,충북 진천군 진천읍 장관2길 139-1
599,삼성2점,대전,동구,대전 동구 현암로 36
600,삼성점,충북,음성군,충북 음성군 삼성면 덕정로62번길 2
601,금왕점,충북,음성군,충북 음성군 금왕읍 무극로 234
602,경산남산점,경북,경산시,경북 경산시 남산면 산양길 9
603,원성점,충남,천안시,충남 천안시 동남구 버들로127
604,가양점,서울,강서,서울 강서 가양 1475 강변아파트상가 203
605,방화점,서울특별시,강서구,"서울특별시 강서구 방화대로33길 17 (방화동,1층)"
606,신풍역점,서울특별시,영등포구,"서울특별시 영등포구 신길로 108(신길동,남서울 아파트상가.신길동3591)"
607,신대방점,서울시,동작구,서울시 동작구 대방동 409-10
608,암사점,서울,강동구,서울 강동구 암사동 425-197번지
609,풍납점,서울,송파구,서울 송파구 풍납동 392번지
610,송파점,서울,송파구,서울 송파구 송파동 135-18 102호
611,문정점,서울,송파구,서울 송파구 동남로4길 24
612,삼전점,서울시,송파,서울시 송파 삼전 167-17
613,신천점,서울시,송파,서울시 송파 잠실 185-9
614,압구정점,서울,강남구,서울 강남구 신사동 653-15번지 2층
615,잠원점,서울,서초구,서울 서초구 잠원동 53번지 현대상사 1층 6호
616,방배점,서울,서초구,서울 서초구 방배동 868-28번지
617,양재점,서울,서초구,서울 서초구 양재동 6-37번지
618,대치점,서울,강남구,서울 강남구 대치동 922-14번지
619,서초점,서울,서초구,서울 서초구 서초동 1342번지
620,역삼점,서울,강남구,서울 강남구 역삼동 782-28번지
621,논현점,서울,강남구,서울 강남구 논현동 192-1번지
622,여의도점,서울시,영등포구,서울시 영등포구 여의도동50 시범상가 
623,대방점,서울,동작구,서울 동작구 대방동 11-51
624,장승배기점,서울,동작,서울 동작 상도 373-72번지
625,봉천점,서울,관악구,서울 관악구 봉천동 885-1번지
626,화곡역점,서울특별시,강서구,서울특별시 강서구 화곡동 1062-20 2층
627,신정1점,서울특별시,양천구,"서울특별시 양천구 은행정로 5길 28,1층 102호(신정동)"
628,신도림점,서울시,구로구,서울시 구로구 신도림동 396 - 140
629,신정7점,서울특별시,양천구,서울특별시 양천구 신정동 203-1
630,당산점,서울,영등포구,서울 영등포구 당산동1가 378번지
631,구로가산점,서울,구로구,서울 구로구 구로동 792-22번지
632,독산점,서울시,금천구,서울시 금천구 독산 179-12
633,목동점,서울특별시,양천구,"서울특별시 양천구 목동중앙서로 40 (목동,1층)"
634,사당점,동작구,사당동,동작구 사당동 312-9번지
635,동방점,서울시,관악,서울시 관악 신림 246-23
636,신림점,서울시,관악구,서울시 관악구 신림동 96-87
637,개봉점,서울특별시,구로구,"서울특별시 구로구 고척로27길 58, 1층(개봉동)"
638,신정점,서울특별시,양천구,"서울특별시 양천구 신정로11길 62, 1층(신정동, 유광빌딩)"
639,화곡1점,서울특별시,강서구,"서울특별시 강서구 가로공원로 233  101(화곡동,뉴파인아파트상가1층)"
640,개봉2점,서울특별시,구로구,서울특별시 구로구 개봉동 357-22
641,오류점,서울특별시,구로구,서울특별시 구로구 오류로 86
642,가좌점,인천시,서구,인천시 서구 가좌동 142-45
643,신현점,인천시,서구,인천시 서구 신현동 279-5
644,청라점,인천,서구,인천 서구 연희동 763-19
645,하늘도시점,인천광역시,중구,"인천광역시 중구 은하수로 351, 2동 103호 (중산동, 우미린1차상가)"
646,검암점,인천,서구,인천 서구 승학로 313-1
647,온수1점,인천,강화군,인천 강화군 강화읍 길상면 온수리 538-10
648,검단점,인천,서구,인천 서구 검단로 487번길 5
649,마전점,인천,서구,인천 서구 완정로 34번길 47
650,만수2점,인천,남동구,"인천 남동구 백범로 206번길 13(만수동 ,1층)"
651,만수3점,인천광역시,남동구,인천광역시 남동구 만수6동 1026-1
652,주안4점,인천시,남구,인천시 남구 주안4동 414-32
653,주안점,인천,남구,인천 남구 주안8동 1528-14
654,구월3점,인천시,남동구,인천시 남동구 구월동 1359-20
655,연안점,인천,중구,인천 중구 항동7가 58-4 라이프상가 1-107
656,용현점,인천광역시,남구,인천광역시 남구 용현동 342-2
657,송림점,인천,동구,인천 동구 송림2동 55-1
658,송도점,인천시,연수구,인천시 연수구 컨밴시아대로 42번길 12
659,인천논현점,인천광역시,남동구,인천광역시 남동구 논고개로 86
660,병방점,인천시,계양구,인천시 계양구 병방동 92-26
661,케이준 계양점,인천시,계양구,인천시 계양구 용종동 214-1
662,계산점,인천시,계양구,인천시 계양구 계수로1
663,효성점,인천시,계양구,인천시 계양구 효성동 192-1 (104호)
664,산곡점,인천시,부평구,인천시 부평구 산곡동 317-116
665,구월점,인천,남동구,인천 남동구 구월동 1248-44
666,진두점,인천시,옹진군,인천시 옹진군 영흥면 내리 8-200
667,부개점,인천시,부평구,인천시 부평구 부개동 140-22
668,케이준 삼산점,인천시,부평구,인천시 부평구 삼산동440-1삼산타운 1단지 B상가103호
669,부평점,인천시,부평구,인천시 부평구 부평동 904-16
670,주안2점,인천광역시,남구,인천광역시 남구 주안2동 550-23
671,동수역점,인천시,부평구,인천시 부평구 경인로 887
672,학익점,인천시,남구,인천시 남구 학익동665-3
673,연수점,인천,연수구,인천 연수구 연수동 497-7
674,옥련청학점,인천,연수구,인천 연수구 옥련동 367-7
675,수유화계점,서울시,강북구,서울시 강북구 노해로17길 51
676,광희점,서울특별시,중구,"서울특별시 중구 마른내로 163,1층(광희동1가)"
677,연희점,서울특별시,서대문구,서울특별시 서대문구 증가로 34(연희동)
678,정릉점,서울시,성북구,"서울시 성북구 보국문로 75,102"
679,서교점,서울시,마포구,서울시 마포구 성미산로17길 84
680,방학점,서울시,도봉구,서울시 도봉구 방학로 200-20
681,북가좌점,서울시,서대문구,서울시 서대문구 북가좌동 347-27
682,경희대점,서울특별시,동대문구,"서울특별시 동대문구 경희대로4길 79, 1층 105호 (이문동)"
683,후암점,서울시,용산구,서울시 용산구 동자동 19-33
684,염리점,서울시,마포구,서울시 마포구 숭문4길 5
685,도화점,서울시,마포구,서울시 마포구 도화1동 25-4
686,이태원점,서울특별시,용산구,서울특별시 용산구 회나무로 28
687,응봉점,서울시,성동구,서울시 성동구 응봉동 193-118 1층
688,역촌점,서울시,은평구,서울시 은평구 역촌동 34-1
689,우이점,서울시,강북구,서울시 강북구 우이동 72-65
690,번동점,서울특별시,강북구,서울특별시 강북구 번동 411-17
691,창동점,서울특별시,도봉구,서울특별시 도봉구 창동 804 대우APT 상가
692,쌍문점,서울시,도봉구,서울시 도봉구 시루봉로2길 66 1층 102호
693,녹천점,서울특별시,도봉구,서울특별시 도봉구 창동 38-1 주공17단지상가 101
694,월계미성점,서울시,노원구,서울시 노원구 월계동 17 미성상가 103
695,공릉점,서울특별시,노원구,서울특별시 노원구 공릉동 270-70
696,중곡점,서울시,광진구,서울시 광진구 중곡동 79-10
697,면목점,서울시,중랑구,서울시 중랑구 면목동 657-56
698,신내점,서울시,중랑구,서울시 중랑구 신내동 472-3 
699,공릉2점,서울특별시,노원구,서울특별시 노원구 공릉동 708 공릉 2단지 상가
700,중계점,서울시,노원구,서울시 노원구 중계동 503 중계그린상가 B-107 
701,수락산점,서울시,노원구,"서울시 노원구 상계동 1110-6 종합상가 103,110,111호"
702,칠금봉방점,충북,충주시,충북 충주시 연수동 1245
703,이류점,충북,충주시,충북 충주시 대소원면 대소원1길 21
704,용산점,충북,충주시,충북 충주시 용정2길 39-1(성남동)
705,연수점,충북,충주시,충북 충주시 금릉동 708-2
706,수안보점,충북,충주시,충북 충주시 수안보면 장터1길 19
707,금가점,충북,충주시,충북 충주시 금가면 강수로 335
708,오창호수공원점,충청북도,청주시,충청북도 청주시 청원구 오창읍 양청리 752-4 102호
709,음성점,충청북도,음성군,충청북도 음성군 음성읍 시장로 43 
710,괴산점,충청북도,괴산군,충청북도 괴산군 괴산읍 동부리 627-20
711,가경점,충북,청주시,충북 청주시 가경동1137번지
712,봉명점,충청북도,청주시,충청북도 청주시 흥덕구 봉명로149번길 6
713,강서점,충청북도,청주시,충청북도 청주시 흥덕구 서현중로 56 
714,감곡점,충청북도,음성군,충청북도 음성군 감곡면 장감로 189 
715,진천점,충청북도,진천군,충청북도 진천군 진천읍 문화2길 12
716,복대점,충청북도,청주시,충청북도 청주시 흥덕구 성봉로 267 
717,충북덕산점,충청북도,진천군,충청북도 진천군 덕산면 초금로 757-2
718,옥천점,충청북도,옥천군,충청북도 옥천군 옥천읍 금장로 113 
719,배방점,충청남도,아산시,충청남도 아산시 배방읍 배방로173번길 20-18
720,동문점,충청남도,서산시,충청남도 서산시 한마음2로 49 
721,석문점,충청남도,당진시,충청남도 당진시 석문면 해명4로3길 34
722,한진포구점,충청남도,당진시,충청남도 당진시 송악읍 한진포구길 27 
723,예산덕산점,충청남도,예산군,충청남도 예산군 덕산면 봉운로 21
724,대천동점,충청남도,보령시,충청남도 보령시 남대천로 73 
725,신평점,충청남도,당진시,충청남도 당진시 신평면 신평로 820
726,온천1동점,충청남도,아산시,충청남도 아산시 번영로 71
727,논산점,충청남도,논산시,충청남도 논산시 부창로100번길 13-19
728,서천점,충청남도,서천군,충청남도 서천군 서천읍 충절로29번길 18
729,방축점,충청남도,아산시,충청남도 아산시 온천대로 1333번길 15
730,음암점,충청남도,서산시,충청남도 서산시 음암면 상홍리 155-3 우리아파트상가 
731,당진1점,충청남도,당진시,충청남도 당진시 밤절로 103
732,안면점,충청남도,태안군,충청남도 태안군 안면읍 장터로 140-1 
733,금산점,충청남도,금산군,충청남도 금산군 금산읍 금산로 1465
734,부여점,충청남도,부여군,충청남도 부여군 부여읍 석탑로 3 
735,모종점,충청남도,아산시,충청남도 아산시 모종동 577-13 
736,천북점,충청남도,보령시,충청남도 보령시 천북면 하궁길 10
737,해미점,충청남도,서산시,충청남도 서산시 해미면 남문1로 47 
738,원북점,충청남도,태안군,충청남도 태안군 원북면 원이로 841-4 
739,두정역점,충청남도,천안시,충청남도 천안시 서북구 두정역서1길 4-12 다온빌리지 1층상가
740,장재점,충청남도,아산시,충청남도 아산시 배방읍 연화로 36 연화마을8단지 상가2동 104호 
741,성거점,충청남도,천안시,충청남도 천안시 서북구 성거읍 송남리 585
742,초원점,충청남도,아산시,충청남도 아산시 음봉면 음봉로681번길 24 초원아파트109-101호 
743,신방점,충청남도,천안시,충청남도 천안시 동남구 수곡2길 5 
744,청수점,충청남도,천안시,충청남도 천안시 동남구 풍세로 932 
745,입장점,충청남도,천안시,충청남도 천안시 서북구 입장면 입장로 121 초원상가6-103호 
746,쌍용봉명점,충청남도,천안시,충청남도 천안시 서북구 봉서5길 18 
747,백석점,충청남도,천안시,충청남도 천안시 서북구 백석4길 12
748,나사렛대점,충청남도,천안시,충청남도 천안시 서북구 월봉4로 140-16 월봉태영아파트상가 107호
749,성환점,충청남도,천안시,충청남도 천안시 서북구 성환읍 성환중앙로 47 
750,직산점,충청남도,천안시,충청남도 천안시 서북구 성거읍 봉주로 111 
751,차암공단점,충청남도,천안시,충청남도 천안시 서북구 직산읍 2공단5로 169 대림상가 105호 
752,두정1점,충청남도,천안시,충청남도 천안시 서북구 늘푸른5길 22 골드프라자 110호 
753,성정점,충청남도,천안시,충청남도 천안시 서북구 서부16길14
754,신부점,충청남도,천안시,충청남도 천안시 동남구 터미널2로 32 (신부동729번지)
755,조촌점,전북,군산시,전북 군산시 조촌로 68 (조촌동)
756,정읍수성점,전북,정읍시,전북 정읍시  중앙로95(수성동)
757,익산영등점,전북,익산시,전북 익산시 고봉로22길 31 (영등동)
758,수송점,전북,군산시,전북 군산시 월명로 305(수송동)
759,산북소룡점,전북,군산시,전북 군산시 칠성안1길 17(산북동 104호)
760,미룡점,전북,군산시,전북 군산시 미제1길 6(미룡동)
761,만경점,전북,김제시,전북 김제시 만경읍 만경로 804
762,나운지곡점,전북,군산시,전북 군산시 신평길 33-2(지곡동)
763,나운1점,전북,군산시,전북 군산시 상나운로 86(나운동)
764,김제점,전북,김제시,전북 김제시 동서로 133(요촌동)
765,김제신풍점,전북,김제시,전북 김제시 검산택지5길 21-7(검산동)
766,해남화원점,전남,해남군,전남 해남군 화원면 금평리 236-3
767,해남점,전남,해남군,전남 해남군 해남읍 해남로 4
768,한라삼호점,전남,영암군,전남 영암군 삼호읍 신항로 80(2층)
769,하당점,전남,목포시,전남 목포시 하당로30번길 12(상동)
770,퀸스빌점,전남,영암군,전남 영암군 삼호읍 삼호중앙로 129 (퀸스빌2차아파트 상가 101동 102호)
771,창평점,전남,담양군,전남 담양군 창평면 의병로 137
772,진도점,전남,진도군,전남 진도군 진도읍 남동리 쌍정2길 30
773,중동점,전남,광양시,전남 광양시 진등길 10(중동)
774,용해점,전남,목포시,전남 목포시 용당로 271-1(용해동)
775,압해도점,전남,신안군,전남 신안군 압해면 압해로 889
776,안좌도점,전남,신안군,"전남 신안군 안좌면 김환기길 1-2,1층"
777,신안인스빌점,전남,목포시,"전남 목포시 삼학로 363, 상가동 113호(용해동)"
778,순천대학점,전남,순천시,"전남 순천시 중앙로 270,1층(석현동)"
779,송지점,전남,해남군,전남 해남군 송지면 산정1길 92
780,서면용당점,전남,순천시,전남 순천시 서면 강청길 88(1층)
781,상동점,전남,목포시,전남 목포시 상리로1번길 16(상동)
782,산정점,전남,목포시,전남 목포시 고하대로 656(산정동)
783,법성점,전남,영광군,전남 영광군 법성면  연우로4(법성리)
784,미평점,전남,여수시,전남 여수시 미평로 52 1층(미평동)
785,문수점,전남,여수시,전남 여수시 문수로 72(문수동)
786,동정점,전남,여수시,전남 여수시 하멜로 18(고소동)
787,돌산점,전남,여수시,전남 여수시 돌산읍 강남8길 30(돌산1차청솔아파트 상가동 102호)
788,도초비금점,전남,신안군,전남 신안군 도초면 불섬길 85-12
789,덕양점,전남,여수시,전남 여수시 소라면 주삼덕양로 3
790,대불점,전남,영암군,전남 영암군 삼호읍 대불주거1로5길 17
791,남창점,전남,해남군,전남 해남군 북평면 볼무당길 5
792,남악점,전남,무안군,"전남 무안군 삼향읍 남악5로46번길 22, 111호(황금먹거리장터)"
793,국동점,전남,여수시,전남 여수시 국동 994-3
794,광영점,전남,광양시,전남 광양시 광영로 97(광영동)
795,광양점,전남,광양시,전남 광양시 광양읍 호북길22
796,곡성점,전남,곡성군,전남 곡성군 곡성읍 중앙로 141
797,강진점,전남,강진군,전남 강진군 강진읍 영랑로3길 10
798,매곡월드점,울산광역시,북구,"울산광역시 북구 매산로 35, 101호(매곡동, 매곡동월드프라자)"
799,천곡점,울산광역시,북구,"울산광역시 북구 관문길 6-1, 지상1층(천곡동)"
800,쌍용아진점,울산광역시,북구,"울산광역시 북구 신답로40, 102(상안동,지팝프라자)"
801,서동점,울산광역시,중구,울산광역시 중구 북부순환도로 879 (서동)
802,반구점,울산,중구,울산 중구 화합로 395(반구동)
803,태화점,울산,중구,울산 중구 신기2길 4(태화동)
804,다운점,울산광역시,중구,"울산광역시 중구 다운로 29, 1층(다운동)"
805,무거점,울산광역시,남구,"울산광역시 남구 신복로 13, 1층(무거동)"
806,옥동점,울산광역시,남구,울산광역시 남구 문수로 369번길 10-1(옥동)
807,명촌점,울산광역시,북구,"울산광역시 북구 명촌로 81, 1층(명촌동)"
808,양정점,울산광역시,북구,"울산광역시 북구 염포로 555(양정동,1층)"
809,남목점,울산,동구,울산 동구 미포2길 50(동부동)
810,전하1호점,울산광역시,동구,"울산광역시 동구 전하로 8, 1층(전하동"
811,일산점,울산광역시,동구,울산광역시 동구 방어진순환도로 709(일산동)
812,방어진점,울산광역시,동구,울산광역시 동구 동진2길 17(방어동)
813,삼산점,울산,남구,"울산 남구 화합로 178, 1층 (삼산동)"
814,달동점,울산,남구,울산 남구 삼산로 254번길 23
815,신정1호점,울산광역시,남구,울산광역시 남구 월평로 69(신정동)
816,야음점,울산,남구,울산 남구 야음동 459-52
817,야음변전소점,울산광역시,남구,울산광역시 남구 처용로 26번길 10(야음동)
818,덕하점,울산광역시,울주군,울산광역시 울주군 청량면 삼정로 769
819,덕신점,울산광역시,울주군,"울산광역시 울주군 온산읍 신온8길 18, 1층 102호"
820,나사리점,울산광역시,울주군,울산광역시 울주군 서생면 나사해안길 61-1
821,훼미리점,울산,울주군,울산 울주군 상북면 궁근정리 846-14 진우훼미리상가 102
822,언양점,울산,울주군,울산 울주군 언양읍 남문길 14
823,연동점,세종특별자치시,연동면,세종특별자치시 연동면 청연로 655
824,전동점,세종특별자치시,전동면,세종특별자치시 전동면 운주산로 346
825,남산점,부산,금정구,부산 금정구 남산동 27-50
826,부산외대점,부산광역시,금정구,부산광역시 금정구 남산로 2-1(남산동)
827,길천점,부산,기장군,부산 기장군 장안읍 길천리 224-5
828,좌천점,부산,기장군,부산 기장군 장안읍 좌천리 202-6
829,일광점,부산광역시,기장군,부산광역시 기장군 일광면 삼성리 33-1
830,기장점,부산광역시,기장군,부산광역시 기장군 기장읍 차성로 288번길 66
831,서동점,부산,금정구,부산 금정구 서동 205-13
832,명장점,부산광역시,동래구,"부산광역시 동래구 반송로 339번길 8, 1동 101호(명장동,협진태양아파트상가)"
833,강동점,부산,강서구,부산 강서구 강동동 112-4
834,공항점,부산광역시,강서구,"부산광역시 강서구 공항진입로 42번길 20, 2층(대저2동 해성스포렉스)"
835,스마트W개금점,부산광역시,부산진구,"부산광역시 부산진구 가야대로 411, 1층 105호(개금동,개금역스마트더블유)"
836,개금엘지점,부산광역시,부산진구,"부산광역시 부산진구 백양대로 309(개금동,(1층))"
837,개금주공점,부산광역시,부산진구,"부산광역시 부산진구 백양대로 136번길 37-9,1층(당감동,당평교회)"
838,금곡점,부산광역시,북구,"부산광역시 북구 금곡대로 470번길 35,105(금곡동,유림상가)"
839,화명점,부산,북구,부산 북구 화명1동 1130-9
840,구포1호점,부산광역시,북구,부산광역시 북구 구포시장길 44(구포동)
841,구포3호점,부산광역시,북구,부산광역시 북구 시랑로 72-1(구포동)
842,덕천점,부산,북구,부산 북구 덕천동 의성로 115번길 3
843,만덕점,부산,북구,부산 북구 만덕2로 32(만덕동)
844,온천장점,부산광역시,동래구,부산광역시 동래구 금강로 90(온천동)
845,장전점,부산광역시,금정구,부산광역시 금정구 금정로 149번길 8(장전동)
846,미남점,부산광역시,동래구,"부산광역시 동래구 여고북로 109 (온천동,1층)"
847,사직1호점,부산광역시,동래구,"부산광역시 동래구 사직북로57번 가길 6, 1층(사직동)"
848,사직운동장점,부산광역시,동래구,"부산광역시 동래구 여고로 7, 1층(사직동)"
849,거제점,부산,연제구,부산 연제구 아시아드대로 46번길 7(거제동)
850,연산1호점,부산광역시,연제구,부산광역시 연제구 쌍미천로 126(연산동)
851,망미배산점,부산,연제구,부산 연제구 망미1동 831-26번지
852,전포점,부산,부산진구,"부산 부산진구 전포동 전포대로294,2-101(전포동한신상가)"
853,문현2호점,부산광역시,남구,부산광역시 남구 전포대로 77번길 9-2(문현동)
854,문현점,부산,남구,부산 남구 문현동 351-6
855,감만점,부산,남구,부산 남구 감만동 146-1
856,대연점,부산광역시,남구,부산광역시 남구 석포로 79(대연동)
857,용호시장점,부산광역시,남구,"부산광역시 남구 용호로 190, 1층(용호동)"
858,용호점,부산광역시,남구,부산광역시 남구 동명로 121(용호동)
859,대연1호점,부산,남구,부산 남구 대연동 290-11
860,남천점,부산광역시,수영구,"부산광역시 수영구 남천동로 7, 1층(남천동,장우빌딩)"
861,광안점,부산,수영구,부산 수영구 광안동  537-2 
862,송정점,부산,해운대구,부산 해운대구 송정동 200-19
863,신도시2호점,부산,해운대구,부산 해운대구 좌동 1288 대동타운분산상가 203
864,수영점,부산광역시,수영구,부산광역시 수영구 수영로 725번길 14(수영동)
865,망미점,부산광역시,수영구,부산광역시 수영구 망미번영로 79 (망미동)
866,반여2동점,부산광역시,해운대구,"부산광역시 해운대구 해운대로 61번길 98-1, 1층 (반여동)"
867,반여점,부산광역시,해운대구,부산광역시 해운대구 반여로 167번길 70(반여동)
868,안락점,부산광역시,동래구,부산광역시 동래구 충렬대로 428번길 50(안락동)
869,학장점,부산,사상구,부산 사상구 학장동 574-111 삼성아파트상가 1-102
870,하단1호점,부산광역시,사하구,"부산광역시 사하구 하신번영로 360(하단동, 1층 우측)"
871,장림점,부산,사하구,부산 사하구 장림동 604-209
872,다대자유점,부산광역시,사하구,"부산광역시 사하구 다대로 617, 상가동 102호(다대동, 자유아파트)"
873,다대점,부산광역시,사하구,부산광역시 사하구 다대로 397(다대동)
874,신평점,부산,사하구,부산 사하구 신평1동 33-168  24/1
875,당리점,부산,사하구,부산 사하구 당리동 324-27
876,괴정1호점,부산,사하구,부산 사하구 까치고개로 10(괴정동)
877,동해점,부산,서구,부산 서구 남부민동 33-6 흥아맨션 307호 
878,감천점,부산광역시,사하구,"부산광역시 사하구 감천로 111, 1층(감천동)"
879,동삼점,부산광역시,영도구,부산광역시 영도구 동삼로 77(동삼동)
880,청학점,부산광역시,영도구,"부산광역시 영도구 청학로 32, 4층 2호(청학동)"
881,동구청점,부산광역시,동구,부산광역시 동구 수정로 18(수정동)
882,범천2호점,부산광역시,부산진구,"부산광역시 부산진구 가야대로 702, 101동 103호(범천동, 서면 e-편한세상상가)"
883,주례점,부산,사상구,부산 사상구 가야대로 306번길 69(주례동)
884,가야점,부산,부산진구,부산 부산진구 가야대로 589번길 3(가야동)
885,당감1호점,부산광역시,부산진구,부산광역시 부산진구 백양순환로 105(부암동)
886,부암점,부산광역시,부산진구,"부산광역시 부산진구 시민공원로 19번길 38-6(부암동,1층)"
887,하마정점,부산광역시,부산진구,"부산광역시 부산진구 범양로 113, 1층(양정동)"
888,한남대점,대전,대덕구,대전 대덕구 한남로 28 
889,어은점,대전,유성구,대전 유성구 어은로48번길 9-5 
890,신탄로하스점,대전,대덕구,대전 대덕구 대덕대로 1583 
891,도안목원대점,대전,유성구,대전 유성구 원신흥남로 58
892,비래가양점,대전,대덕구,대전 대덕구 우암로 412
893,부사점,대전,중구,대전 중구 대종로316번길 2
894,둔산녹원점,대전,서구,대전 서구 계룡로491번길 28
895,둔산타임월드점,대전,서구,대전 서구 갈마역로 10
896,전민점,대전,유성구,대전 유성구 전민로38번길 33
897,도마점,대전,서구,대전 서구 도솔로 137
898,월평3점,대전,서구,대전 서구 월평중로 50
899,성남점,대전,동구,대전 동구 성남로 28
900,둔산1점,대전,서구,대전 서구 둔산북로 175
901,중리점,대전,대덕구,대전 대덕구 중리남로 48
902,송촌2점,대전,대덕구,대전 대덕구 동춘당로54번길 40-6
903,갈마점,대전,서구,대전 서구 갈마중로7번길 29
904,신인점,대전,동구,대전 동구 계족로 87
905,신탄1점,대전,대덕구,대전 대덕구 덕암로 222
906,용운점,대전,동구,대전 동구 용운로147번길 123
907,보문점,대전,중구,대전 중구 충무로 73
908,관저1점,대전,서구,대전 서구 도안남로 148
909,한밭점,대전,중구,대전 중구 보문산로 31
910,태평점,대전,중구,대전 중구 수침로55번길 7
911,용두점,대전광역시,중구,대전광역시 중구 중앙로 13번길 63
912,목동점,대전광역시,중구,대전광역시 중구 목중로19번길 7
913,송촌1점,대전광역시,대덕구,대전광역시 대덕구 계족로690번길 21 선비마을1단지상가 104
914,장대점,대전,유성구,대전 유성구 문화원로 13
915,월평1점,대전광역시,서구,대전광역시 서구 월평새뜸로8번길 50
916,괴정점,대전광역시,서구,대전광역시 서구 도산로369번길 91
917,산호점,대전광역시광역시,서구,대전광역시광역시 서구 계룡로571번길 65 상가 103호
918,둔산삼천점,대전광역시광역시,서구,대전광역시광역시 서구 둔산북로 215
919,하남점,광주광역시,광산구,광주광역시 광산구 월곡반월로 28(월곡동 1동)
920,주월점,광주,남구,광주 남구 서문대로 749번길 15-1(주월동)
921,운암동림점,광주,북구,광주 북구 운암1동 930-8
922,양산첨단2점,광주광역시,북구,광주광역시 북구 임방울대로1041번길 24(용두동 1층)
923,송하풍암점,광주,남구,광주 남구 송하동 258-7
924,송정점,광주광역시,광산구,"광주광역시 광산구 송도로 319, 1층(송정동)"
925,문흥1점,광주,북구,광주 북구 대천로 139번길 8-7(문흥동)
926,두암타운점,광주,동구,광주 동구 산수동 밤실로 147 (두암타운상가 105호)
927,모동점,경북,상주시,경북 상주시 모동면 용호1길 25
928,영주1호점,경북,영주시,경북 영주시 대학로 261번길 36(가흥동)
929,안계점,경북,의성군,경북 의성군 안계면 안계길 118
930,신안점,경북,안동시,경북 안동시 안막동 69-9
931,의성역점,경북,의성군,경북 의성군 의성읍 문소3길 89
932,성동점,경북,상주시,경북 상주시 성동 193 - 3 번지
933,낙양점,경북,상주시,경북 상주시 낙양동 199-1
934,휴천점,경북,영주시,경북 영주시 영주로 330번길 56(휴천동)
935,진보점,경북,청송군,경북 청송군 진보면 진안79-2
936,점촌점,경북,문경시,경북 문경시 모전동 52-9
937,예천점,경북,예천군,경북 예천군 예천읍 효자로 65
938,법원점,경상북도,포항시,경상북도 포항시 북구 법원로 154 (양덕동)
939,평해점,경북,울진군,경북 울진군 평해읍 평해리 58 2층
940,황성점,경북,경주시,경북 경주시 용담로 116번길  61-5    103동  101호 신흥2차
941,시래점,경북,경주시,경북 경주시 구매3길 28(시래동)
942,안강점,경북,경주시,경북 경주시 안강읍 양월5리1199-14
943,보문점,경북,경주시,경북 경주시 신평동 150-9
944,황오점,경북,경주시,경북 경주시 황오동 원효로 174
945,영덕점,경북,영덕군,경북 영덕군 영덕읍 남석1리  148
946,영천점,경북,영천시,경북 영천시 야사동 283-38
947,오천점,경북,포항시,경북 포항시 남구오천읍용덕리322-15
948,연일점,경상북도,포항시,경상북도 포항시 남구 연일읍 철강로25번길 52
949,동해점,경북,포항시,경북 포항시 남구동해면 약전1리291-1
950,효자점,경북,포항시,경북 포항시 남구 효자동 308-16
951,흥해점,경북,포항시,경북 포항시 북구 흥해읍 흥해로 21
952,환호점,경북,포항시,경북 포항시 북구환호동512-7
953,기계점,경북,포항시,경북 포항시 북구 기계면 현내리 404-5
954,감포점,경북,경주시,경북 경주시 감포읍 감포리 50-2
955,달전점,경북,포항시,경북 포항시 북구 흥해읍 달전로 365
956,북면점,경북,울진군,경북 울진군 북면 덕구온천로 28
957,충효점,경북,경주시,경북 경주시 충효녹지길 128-9(충효동)
958,아화점,경북,경주시,경북 경주시 서면 내서로 406
959,신암점,대구광역시,동구,대구광역시 동구 신암4동612-53
960,성주점,경북,성주군,경북 성주군 성주읍 성산리 2098-2번지
961,진량점,경북,경산시,경북 경산시 진량읍 신상리 205-1
962,두산들안점,대구광역시,수성구,대구광역시 수성구 들안로20길 41
963,효신점,대구광역시,동구신천4동436-7,대구광역시 동구신천4동436-7
964,범어점,대구광역시,수성구,대구광역시 수성구 범어4동114-1
965,진천사랑점,대구광역시,달서구,대구광역시 달서구 월배로 32-1 진천우체국
966,화원점,대구광역시,달성군,대구광역시 달성군 화원읍 화원로 1길 12
967,상인점,대구광역시,달서구,대구광역시 달서구 상인동 1474-1 보성산호상가 102호
968,대명1호점,대구광역시,남구,"대구광역시 남구 안골길 15,1층"
969,논공점,대구광역시,달성군,대구광역시 달성군 논공읍 북리 803-142
970,현풍점,대구광역시,달성군,대구광역시 달성군 현풍면 중리295-1
971,매곡점,대구광역시,달성군,대구광역시 달성군 다사읍 매곡리 1549-1
972,감삼점,대구광역시,달서구,대구광역시 달서구 감삼동205-12
973,중평점,대구광역시,서구,대구광역시 서구 국채보상로34길12.129-119
974,신천점,대구광역시,동구,대구광역시 동구 신천동633 동신우방상가108-108
975,방촌점,대구광역시,동구,대구광역시 동구 방촌동902-7 현대상가
976,시지1호점,대구광역시,수성구,대구광역시 수성구 노변공원로1길 6-5(시지동)
977,두류내당점,대구광역시,달서구,"대구광역시 달서구 야외음악당로 163, 1충(두류동)"
978,대명계대점,대구광역시,남구,대구광역시 남구 대명3동2262-47번지
979,명곡점,대구광역시,달성군,대구광역시 달성군 화원읍 상암로71201호2층
980,죽곡점,대구광역시,달성군,대구광역시 달성군 다사읍 대실역남로 4길 30-26
981,동명점,경북,칠곡군,경북 칠곡군 동명면 금암중앙길 42
982,삼청공단점,경북,칠곡군,경북 칠곡군 왜관읍 삼청리410-32
983,왜관점,경북,칠곡군,경북 칠곡군 왜관읍왜관리774
984,석적중리점,경북,칠곡군,경북 칠곡군 석적읍 중리201-10
985,용산점,대구광역시,달서구,"대구광역시 달서구 와룡로49길 103,1층"
986,서재점,대구광역시,달성군,대구광역시 달성군 다사읍 서재리 서재로 108
987,성서1호점,대구광역시,달서구,대구광역시 달서구 이곡동 752-19
988,고아점,경북,구미시,경북 구미시 고아읍 오로리 460-1에덴상가 203호
989,옥계점,경북,구미시,경북 구미시 구포동671-2
990,산동점,경북,구미시,경북 구미시 산동면 강동로 1028-6
991,진평점,경북,구미시,경북 구미시 진평동458
992,구미1호점,경북,구미시,경북 구미시 신평1동150-17
993,상모점,경북,구미시,경북 구미시 상사서로 92(상모동.마동1층)
994,원평점,경북,구미시,경북 구미시 남통동14-44
995,도량점,경북,구미시,경북 구미시 도량동245-2
996,원호점,경북,구미시,경북 구미시 고아읍 원호리 449번지
997,대곡점,경북,김천시,경북 김천시 부곡동 990-1
998,직지점,경북,김천시,경북 김천시 대항면복전리548-32
999,신음점,경북,김천시,경북 김천시 신음동1302-5
1000,인의황상점,경북,구미시,경북 구미시 여헌로14길 10
1001,덕곡율곡점,경북,김천시,"경북 김천시 아포대로 22, 외2필지(덕곡동)"
1002,아포점,경북,김천시,경북 김천시 아포읍 국사리 1047번지102호
1003,지좌점,경북,김천시,경북 김천시 황산2길 36 (지좌동)
1004,팔달점,대구광역시,서구,대구광역시 서구 서대구로68길 58(비산동)
1005,칠곡2지구점,대구광역시,북구,대구광역시 북구 구암동 684-5
1006,태전점,대구광역시,북구,"대구광역시 북구 칠곡중앙대로53길32,상가동107호"
1007,회원1동점,경남,창원시,경남 창원시 마산회원구 회원동 29-15
1008,합천점,경남,합천군,"경남 합천군 합천읍 옥산로 57-1, 1층"
1009,합성점,창원시,마산회원구,창원시 마산회원구 합성동 322-42
1010,하동점,경남,하동군,경남 하동군 하동읍 중앙2길 10-4
1011,팔용점,창원시,의창구,창원시 의창구 팔용동 194-7 1층
1012,태룡점,밀양시,단장면,밀양시 단장면 태룡리 407-5
1013,칠원점,경남,함안군,경남 함안군 칠원읍 구성길 3
1014,진성점,경남,진주시,"경남 진주시 진성면 동부로 1348, 2층"
1015,지산점,창원시,마산합포구,창원시 마산합포구 진북면 지산리 250-16
1016,지곡점,경남,함양군,경남 함양군 지곡면 병곡지곡로 963-1
1017,주공점,경남,거제시,"경남 거제시 성산로 20, 1층(옥포동, 무지개타운상가)"
1018,제일점,경상남도,밀양시,경상남도 밀양시 밀양대로 1781-1(삼문동)
1019,장평점,경남,거제시,경남 거제시 장평동 626-8
1020,자은점,창원시,진해구,창원시 진해구 자은동 975-12 1층 102호
1021,자산점,창원시,마산합포구,창원시 마산합포구 자산동 189-3
1022,일반성점,경남,진주시,경남 진주시 일반성면 창촌리 47-1
1023,위천점,경남,거창군,경남 거창군 위천면 장기리 418-18
1024,웅천점,창원시,진해구,창원시 진해구 북부동 560-4 대풍연립 101
1025,웅양점,경남,거창군,경남 거창군 웅양면 웅양로 1428
1026,용현점,경상남도,사천시,경상남도 사천시 용현면 진삼로 626
1027,용원점,경남,창원시,경남 창원시 진해구 안골로298번길 26 푸르지오 상가 1동 104호
1028,옥포점,경남,거제시,경남 거제시 옥포동 546-18
1029,옥수점,경남,거제시,경남 거제시 능포동 717-2
1030,안의점,경남,함양군,경남 함양군 안의면 금천리 160-5
1031,신월점,경상남도,창원시,"경상남도 창원시 의창구 창이대로570번길 13-3, 1층 107호(신월동)"
1032,신반점,경남,의령군,경남 의령군 부림면 신반리 168-9
1033,수월점,경상남도,거제시,"경상남도 거제시 수양로 494, 1층 101(일부)호(양정동)"
1034,수산점,경상남도,밀양시,경상남도 밀양시 하남읍 시서상가길 11
1035,수동점,경남,함양군,경남 함양군 수동면 화산리 1201-6
1036,서상점,경남,함양군,경남 함양군 서상면 서상로 263
1037,상봉점,경남,진주시,경남 진주시 북장대로 81번길 11(상봉동)
1038,삼랑진점,경남,밀양시,경남 밀양시 삼랑진읍 만어로 8-4 1층
1039,삼계점,창원시,마산회원구,창원시 마산회원구 내서읍 삼계리 637번지
1040,삼가점,경남,합천군,경남 합천군 삼가면 삼가중앙길 21-18
1041,산호점,경상남도,창원시,경상남도 창원시 마산합포구 산호남로 6(산호동)
1042,산청점,경상남도,산청군,경상남도 산청군 산청읍 친환경로 2668
1043,사파점,경상남도,창원시,"경상남도 창원시 성산구 창이대로663번길 5, 102-1호(사파동,미남빌딩)"
1044,사곡점,경상남도,거제시,"경상남도 거제시 사등면 두동로 30, 지하1층 206호(경남아너스빌상가)"
1045,봉평점,경상남도,통영시,"경상남도 통영시 데메4길 45, 1호(도남동,세인상가)"
1046,반림점,창원시,성산구,창원시 성산구 중앙동 74-6 1층 B호
1047,동천점,경남,남해군,경남 남해군 삼동면 동부대로 1235
1048,동마산점,창원시,마산회원구,창원시 마산회원구 구암남3길 13(구암동)
1049,대산점,경상남도,함안군,경상남도 함안군 대산면 대산중앙로 214
1050,대방점,창원시,성산구,"창원시 성산구 대정로 131 213(대방동,대방덕산타운상가 213호)"
1051,남해점,경남,남해군,경남 남해군 남해읍 화전로78번길 17
1052,남면점,경남,남해군,경남 남해군 남면 남서대로 777
1053,남.이동점,경남,남해군,경남 남해군 이동면 무림로 81-1
1054,군북점,경남,함안군,경남 함안군 군북면 중암리 60-1
1055,구조라점,경남,거제시,경남 거제시 일운면 구조라리 375
1056,구암점,경상남도,창원시,경상남도 창원시 마산회원구 구암북2길 6(구암동)
1057,공단점,경남,진주시,경남 진주시 상평동 227 동국1차(아)상가 102
1058,고현점,경상남도,거제시,경상남도 거제시 거제중앙로27길 15(고현동)
1059,거창점,경남,거창군,경남 거창군 거창읍 상림리 42-10
1060,가야점,경남,함안군,경남 함안군 가야읍 도항리 95-1 1층
1061,소주동점,경상남도,양산시,경상남도 양산시 대평들2길 17(주남동)
1062,양산명동점,경상남도,양산시,경상남도 양산시 신명동 7길 56(명동)
1063,평산점,경상남도,양산시,"경상남도 양산시 신명로 82, 107동 103호(평산동, 동일스위트1차)"
1064,덕계점,경상남도,양산시,경상남도 양산시 덕계2길 20(덕계동)
1065,무계점,경상남도,김해시,"경상남도 김해시 장유로 301번길 3, 207호(무계동,청학프라자)"
1066,율하점,경상남도,김해시,"경상남도 김해시 율하2로 123, 113동 106호(율하동,율현마을동원로얄듀크아파트1차상가)"
1067,갑오점,경남,김해시,경남 김해시 장유면 대청리 332-4 대청프라자 A-218
1068,주촌점,경남,김해시,경남 김해시 주촌면 서부로 1499번길 21
1069,진례1호점,경상남도,김해시,경상남도 김해시 진례면 고모로 214
1070,빙그레점,경남,김해시,경남 김해시 한림면 김해대로 914(가동)
1071,진영신도시점,경남,김해시,경남 김해시 진영읍 김해대로 365번길 18 105
1072,김해명동점,경상남도,김해시,경상남도 김해시 한림면 명동로 7
1073,생림점,경상남도,김해시,경상남도 김해시 생림면 생림대로 960
1074,삼계점,경남,김해시,경남 김해시 가야로30번길 17(삼계동)
1075,외동점,경남,김해시,경남 김해시 외동 1246-3
1076,부원점,경남,김해시,경남 김해시 가락로23번길7
1077,어방점,경상남도,김해시,"경상남도 김해시 활천로 214번길5,101호(어방동,송대아트빌라)"
1078,삼방시장점,경상남도,김해시,경상남도 김해시 삼안로 237(삼방동)
1079,내원점,경남,양산시,경남 양산시 하북면 용연리 510-4
1080,석계점,경상남도,양산시,경상남도 양산시 상북면 상북중앙로 349
1081,어곡점,경남,양산시,경남 양산시 어곡동 9-3 외 4 필지 로얄파크빌상가 B09호
1082,양산1호점,경남,양산시,경남 양산시 북부동 428-8
1083,범어점,경남,양산시,경남 양산시 물금읍 동중1길 28
1084,화도점,경기도,남양주시,경기도 남양주시 화도읍 비룡로 331
1085,마석점,경기도,남양주시,경기도 남양주시 화도읍 마석로17번 안길 1-4
1086,창현점,경기도,남양주시,"경기도 남양주시 화도읍 경춘로창벌2길 12, 1층"
1087,평내점,경기,남양주시,경기 남양주시 평내동 142
1088,평내2호점,경기도,남양주시,경기도 남양주시 경춘로 1286 안길 3-5
1089,도농점,경기도,남양주시,"경기도 남양주시 경춘로 386, 1층(도농동)"
1090,별내점,경기도,남양주시,경기도 남양주시 별내동 1023번지 104호
1091,퇴계원점,경기도,남양주시,경기도 남양주시 퇴계원면 퇴계원로 78번길 1
1092,사능점,경기도,남양주시,경기도 남양주시 진건읍 진건오남로 86번길 30
1093,오남점,경기도,남양주시,"경기도 남양주시 오남읍 진건오남로512번길 23, 110호~111호"
1094,내각점,경기도,남양주시,경기도 남양주시 진접읍 내각2로 33
1095,진접택지점,경기도,남양주시,경기도 남양주시 진접읍 해밀예당로23로 121
1096,장현산호점,경기도,남양주시,경기도 남양주시 진접읍 금강로 1530-16(산호아파트상가 106호)
1097,광릉점,경기도,남양주시,경기도 남양주시 진접읍 부평로 42(진접센트레빌시티)
1098,광적점,경기도,양주시,경기도 양주시 광적면 가래비길 67
1099,은현점,경기도,양주시,경기도 양주시 은현면 선암리 335-1
1100,문산점,경기도,파주시,"경기도 파주시 문산읍 우계로 472, 1동 104호(두산위브상가)"
1101,봉일천점,경기도,파주시,경기도 파주시 조리읍 봉천로 18
1102,교하점,경기도,파주시,"경기도 파주시 청석로 334, 102호(다율동, 청석마을동문굿모닝힐상가)"
1103,가좌대화점,경기도,고양시,경기도 고양시 일산서구 가좌1로 73
1104,SBS점,경기도,고양시,"경기도 고양시 일산서구 일현로128, 103호"
1105,구일산점,경기도,고양시,경기도 고양시 일산서구 고양대로 706-25
1106,정발산점,경기도,일산동구,경기도 일산동구 산두로 213번길
1107,풍동점,경기도,고양시,경기도 고양시 일산동구 숲속마을1로 48번길 42 103호
1108,백석점,경기,고양시,경기 고양시 일산동구 강촌로 144
1109,원당점,경기도,고양시,경기도 고양시 덕양구 마상로154번길 2(성사동)
1110,고양점,경기도,고양시,경기도 고양시 덕양구 혜음로 8 삼라마이다스프라자 112호
1111,사리현점,경기도,고양시,경기도 고양시 일산동구 공릉천로 32
1112,화정부영점,경기도,고양시,경기도 고양시 덕양구 화중로 220 달빛마을 
1113,별빛점,경기도,고양시,경기도 고양시 덕양구 화정동 화신로 2811
1114,화정주공점,경기도,고양시,"경기도 고양시 덕양구 백양로 6, 17단지 상가 101호"
1115,가라뫼점,경기도,고양시,경기도 고양시 덕양구 행신로 311번길 16
1116,원흥점,경기도,고양시,"경기도 고양시 덕양구 서삼릉1길 70, 1층일부(원흥동)"
1117,삼송리점,경기도,고양시,경기도 고양시 삼송로 185번길 4
1118,구리점,경기도,구리시,경기도 구리시 원수택로 47-1
1119,청학점,경기도,남양주시,경기도 남양주시 별내면 청학로68번길 23-1 상가 101호
1120,민락2호점,경기도,의정부시,경기도 의정부시 오목로225번길 79-16 1층(민락동)
1121,민락점,경기도,의정부시,경기도 의정부시 효자로 10-0 송산중앙 112호
1122,금오점,경기도,의정부시,경기도 의정부시 추동로94
1123,의정부5호점,경기도,의정부시,경기도 의정부시 경의로 86(의정부동)
1124,용문점,경기도,양평군,경기도 양평군 용문면 중앙1길 21
1125,양수리점,경기도,양평군,경기도 양평군 양서면 목왕로 19-1 1층
1126,청평점,경기도,가평군,경기도 가평군 청평면 청평중앙로 64
1127,가평점,경기도,가평군,"경기도 가평군 가평읍 가화로 133, 1층"
1128,현리점,경기도,가평군,경기도 가평군 하면 청군로 1185
1129,호원점,경기도,의정부시,경기도 의정부시 호원동 454-14
1130,장암점,경기도,의정부시,"경기도 의정부시 동일로 466번길 70, 1층 106호(신곡동)"
1131,신곡점,경기도,의정부시,경기도 의정부시 장금로78번길 49(신곡동)
1132,송우리점,경기도,포천시,경기도 포천시 소흘읍 태봉로 166번길 5
1133,가산점,경기도,포천시,경기도 포천시 가산면 가산로 370
1134,포천점,경기도,포천시,경기도 포천시 호병로 55
1135,관인점,경기도,포천시,경기도 포천시 관인면 관인로 21
1136,전곡점,경기도,연천군,경기도 연천군 전곡읍 전곡로 216
1137,상패점,경기도,동두천시,경기도 동두천시 상패로 186
1138,동두천1호점,경기도,동두천시,경기도 동두천시 지행로107번길 29(지행동)
1139,동두천2호점,경기도,동두천시,"경기도 동두천시 동두천로63, 1층 102호(송내동, 상가동)"
1140,덕정점,경기도,양주시,경기도 양주시 덕정길 50 가-1 4필지
1141,삼숭점,경기도,양주시,경기도 양주시 삼숭로38번길 102
1142,월곶군하점,경기도,김포시,경기도 김포시 월곶면 군하리 170번지
1143,대곶점,경기도,김포시,경기도 김포시 대곶면 송마리 3-18
1144,대능점,경기도,김포시,경기도 김포시 대곶면 대능리 150-1
1145,구래점,김포시,김포,김포시 김포 한강9로 12번길 8-6 (구래동 6896-14)
1146,김포장기점,경기도,김포시,경기도 김포시 장기동 1407
1147,사우북변점,경기도,김포시,경기도 김포시 사우동 225-3 103호
1148,풍무점,경기도,김포시,경기도 김포시 풍무동 629 1층 103호
1149,평택태평점,경기도,평택시,경기도 평택시 고덕면 궁리 75
1150,평택세교점,경기도,평택시,경기도 평택시 세교2로 45 상가 109
1151,장안점,경기도,평택시,경기도 평택시 추담로 58-78
1152,현대점,경기도,평택시,경기도 평택시 이충동 381 현대상가 103호
1153,지산서정점,경기도,평택시,경기도 평택시 서정동 799-2
1154,고현점,경기도,오산시,경기도 오산시 고현동 17
1155,누읍점,경기도,오산시,경기도 오산시 누읍로 20
1156,궐동점,경기도,오산시,경기도 오산시 궐동 673-1 1층 (616-6)
1157,오산세교점,경기도,오산시,경기도 오산시 수청동589-2
1158,오산은계점,경기도,오산시,경기도 오산시 은계동 33-3
1159,금호점,경기도,수원시,경기도 수원시 권선구 금호로 28
1160,서수원점,경기도,수원시,경기도 수원시 권선구 구운동 525-4
1161,송죽조원점,경기도,수원시,경기도 수원시 장안구 송죽동 500
1162,화서점,경기도,수원시,경기도 수원시 팔달구 화서동 184-348
1163,권선점,경기도,수원시,경기도 수원시 권선동 1028-6번지
1164,곡반정점,경기도,수원시,경기도 수원시 권선구 곡반정동 569-16
1165,매탄점,경기도,수원시,경기도 수원시 영통구 매탄동 196-79
1166,광교점,경기도,수원시,경기도 수원시 영통구 법조로 149번길 190
1167,흥덕점,경기도,수원시,경기도 수원시 영통구 삼성로 320번길 35 101-102
1168,오목천점,경기도,수원시,경기도 수원시 권선구 매송고색로 526
1169,기안점,경기도,화성시,경기도 화성시 기안동 355-16
1170,봉담점,경기도,화성시,경기도 화성시 봉담읍 상리15-10
1171,동탄2점,경기도,화성시,경기도 화성시 지산1길 22-1 103호(영천동)
1172,동탄1호점,경기도,화성시,경기도 화성시 동탄 반송3길 50-7. 1층(반송동)
1173,병점점,경기도,화성시,경기도 화성시 병점로 37-6
1174,반도체점,경기도,화성,경기도 화성 태안 반월 360-8
1175,신영통점,경기도,용인시,경기도 용인시 기흥구 서천서로12번길 4-11
1176,남양점,경기도,화성시,경기도 화성시 남양동 547
1177,팔탄점,경기도,화성시,경기도 화성시 팔탄면 서촌길 16
1178,서근리점,경기도,화성시,"경기도 화성시 팔탄면 버들로 1374(서근리), 1층"
1179,안중점,경기도,평택시,경기도 평택시 안중읍 안중로18번길 2-19
1180,향남점,경기도,화성시,"경기도 화성시 향남읍 행정동로 86, 103호"
1181,발안점,경기도,화성시,경기도 화성시 향냠읍 평리 101-9
1182,왕림점,경기도,화성시,경기도 화성시 봉담읍 왕림 405-1
1183,성남태평점,경기도,성남시,경기도 성남시 수정구 태평동 2359
1184,금광점,경기도,성남시,경기도 성남시 중원구 금광동 4314 104호
1185,상대원점,경기도,성남시,경기도 성남시 중원구 상대원동 1132
1186,수지상현점,경기도,용인시,경기도 용인시 상현동 859 롯데아파트상가 116호
1187,성남점,경기도,성남시,경기도 성남시 수정구 성남대로 1180번길 5-1(수진동)
1188,야탑점,경기도,성남시,경기도 성남시 분당구 야탑로 153번길 9- 103호(야탑동)
1189,동판교점,경기도,성남시,경기도 성남시 분당구 동판교로 52번길 9-3(백현동)
1190,서현분당점,경기도,성남시,"경기도 성남시 분당구 분당로 212, 상가동 102호(분당동, 샛별마을)"
1191,케이준 분당정자점,경기도,성남시,경기도 성남시 분당구 내정로 119번길 36(정자동1층)
1192,구미금곡점,경기도,성남시,경기도 성남시 분당구 미금일로 81
1193,휘닉스파크점,강원도,평창군,"강원도 평창군 봉평면 태기로 30, A동 2층 101호(아벨라상가)"
1194,횡계점,강원도,평창군,강원도 평창군 대관령면 횡계리 321-12
1195,화촌점,강원도,홍천군,강원도 홍천군 화촌면 성산로134번길 15
1196,화천점,강원도,화천군,강원도 화천군 화천읍 중앙로 26-2
1197,홍천점,강원도,홍천군,강원도 홍천군 홍천읍 꽃뫼로 137
1198,호산점,강원도,삼척시,강원도 삼척시 원덕읍 호산2길 67-1
1199,현리점,강원도,인제군,강원도 인제군 기린면 덕다리길 8
1200,학성점,강원도,원주시,"강원도 원주시 학성길 46, 상가동 1층 103호(학성동, 삼천리아파트)"
1201,퇴계점,강원도,춘천시,강원도 춘천시 행촌로32번길 16(퇴계동)
1202,태장소초점,강원도,원주시,강원도 원주시 소초면 치악로 2355
1203,태장1점,강원도,원주시,강원도 원주시 현충로 148(태장동)
1204,태백점,강원도,태백시,"강원도 태백시 황지로 44. 107호(황지동, 우남연립)"
1205,천도리점,강원도,인제군,강원도 인제군 서화면 천도로 133-1
1206,천곡점,강원도,동해시,강원도 동해시 감추로 16(천곡동)
1207,중동점,강원도,영월군,강원도 영월군 중동면 태백산로 1199
1208,주천점,강원도,영월군,강원도 영월군 주천면 주천면 주천로84번길 1
1209,조양점,강원도,속초시,"강원도 속초시 새마을길 5, 1층(조양동)"
1210,정선점,강원도,정선군,강원도 정선군 정선읍 비봉로 58-1
1211,정선남면점,강원도,정선군,강원도 정선군 남면 문은단로 3
1212,정동진점,강원도,강릉시,강원도 강릉시 강동면 정동3길 46-4
1213,임원점,강원도,삼척시,강원도 삼척시 원덕읍 임원중앙로 37
1214,일산점,강원도,원주시,"강원도 원주시 무실로 50(일산동, 지상1층)"
1215,인제점,강원도,인제군,강원도 인제군 인제읍 비봉로16번길 5
1216,원통점,강원도,인제군,강원도 인제군 북면 원통로147번길 32
1217,우산점,강원도,원주시,강원도 원주시 우산동 90-3번지
1218,양양점,강원도,양양군,강원도 양양군 양양읍 남문7길 5
1219,양양동호점,강원도,양양군,강원도 양양군 손양면 선사유적로 316-20
1220,양덕원점,강원도,홍천군,강원도 홍천군 남면 양덕원2길 30
1221,양구점,강원도,양구군,강원도 양구군 양구읍 사명길 66
1222,아야진점,강원도,고성군,강원도 고성군 토성면 아야진리 49-3
1223,쌍용점,강원도,영월군,강원도 영월군 한반도면 쌍용로 82-1
1224,신남점,강원도,인제군,강원도 인제군 남면 신남로48번길 19
1225,시동점,강원도,홍천군,강원도 홍천군 남면 시동안로 321
1226,수타사점,강원도,홍천군,강원도 홍천군 동면 속초길 6
1227,석사점,강원도,춘천시,강원도 춘천시 효석로67번길 18-1(석사동)
1228,서면점,강원도,홍천군,강원도 홍천군 서면 팔봉산로 1180
1229,북방점,강원도,홍천군,강원도 홍천군 북방면 영서로 2706
1230,부안점,강원도,춘천시,강원도 춘천시 보안길 42(후평동)
1231,봉포점,강원도,고성군,강원도 고성군 토성면 토성로 65
1232,명륜점,강원도,원주시,"강원도 원주시 남원로527번길 66, 1층 (명륜동)"
1233,마차점,강원도,영월군,강원도 영월군 북면 마차중앙1길 39-1
1234,동해본점,강원도,동해시,"강원도 동해시 해안로 635-4, 1층(발한동)"
1235,동면점,강원도,양구군,강원도 양구군 동면 금강산로 1554
1236,단관점,강원도,원주시,"강원도 원주시 단관길 177-9(관설동, 1층)"
1237,단계점,강원도,원주시,강원도 원주시 북원로2246번길 45(단계동)
1238,내면점,강원도,홍천군,강원도 홍천군 내면 창촌로 33-1
1239,남양점,강원도,삼척시,"강원도 삼척시 중앙시장길 68-26(남양동, 단층일부)"
1240,남부점,강원도,춘천시,강원도 춘천시 공지로 354(효자동)
1241,금호점,강원도,속초시,강원도 속초시 중앙로121번길 6(금호동)
1242,근덕점,강원도,삼척시,강원도 삼척시 근덕면 교가길 22-9
1243,구곡점,강원도,원주시,"강원도 원주시 늘품로 8, 101호(단구동)"
1244,교동점,강원도,속초시,강원도 속초시 교동 먹거리4길 33(교동)
1245,계촌점,강원도,평창군,강원도 평창군 방림면 계촌길 58
1246,강현점,강원도,양양군,강원도 양양군 강현면 물치천로 12
1247,강대점,강원도,춘천시,"강원도 춘천시 서부 대성로 182-1, 1층(효자동)"
1248,문혜리점,강원도,철원군,강원도 철원군 갈말읍 두루미로 100-1
1249,제천A점,충북,제천시,"충북 제천시 숭의로1길 2, 1층(화산동)"
1250,광혜원점,충청북도,음성군,충청북도 음성군 대소면 대청로 15 
