,store,sido,gungo,store_address
0,흥덕지구점,경기도,용인시,"경기도 용인시 기흥구  흥덕1로 79번길 9, 105호"
1,후곡점,경기도,고양시,경기도 고양시 일산서구  일산로 576
2,효자중화산2호점,전라북도,전주시,"전라북도 전주시 완산구  용머리로 101 상가2동 지1층 201호, 202호"
3,효자중화산1호점,전라북도,전주시완산구,전라북도 전주시완산구  효동3길 24  1층 (효자동1가)
4,효성2동점,인천광역시,계양구,"인천광역시 계양구  마장로 549, 1층"
5,회덕점,경기도,광주시,경기도 광주시  이배재로 108
6,황상인의점,경상북도,구미시,경상북도 구미시  여현로 80
7,화천점,강원도,화천군,강원도 화천군 화천읍 중앙로 37번지
8,화정1동점,경기도,고양시,경기도 고양시 덕양구  은빛로29번길 15-4
9,화양점,서울특별시,광진구,"서울특별시 광진구   능동로19길 53, 1층"
10,화성마도점,경기도,화성시,경기도 화성시 마도면 두곡서길 35 1층
11,화성남양점,경기도,화성시,"경기도 화성시 남양읍 역골동로 20-10,1층"
12,화서1동점,경기도,수원시,경기도 수원시 팔달구 화서동 219-1번지 101호
13,화북삼양점,제주도,제주시,제주도 제주시  진동로1길 13
14,화곡본동점,서울특별시,강서구,서울특별시 강서구 화곡동 29-27
15,화곡4동점,서울특별시,강서구,서울특별시 강서구 화곡4동 827-8번지
16,화곡1동점,서울특별시,강서구,서울특별시 강서구  곰달래로 19길 46 1층
17,홍천점,강원도,홍천군,강원도 홍천군 홍천읍 연봉리 502-5번지
18,홍제2호점,서울특별시,서대문구,"서울특별시 서대문구  문화촌길 34, 아동 지층 1호"
19,홍제1호점,서울특별시,서대문구,서울특별시 서대문구 홍제동 155-6번지
20,홍은2동점,서울특별시,서대문구,"서울특별시 서대문구  백련사길 6, 1층(홍은동)"
21,홍성읍점,충청남도,홍성군,충청남도 홍성군 홍성읍 문화로 33번길 10
22,홍농읍점,전라남도,영광군,"전라남도 영광군 홍농읍 상하길 33, 102호"
23,호평점,경기도,남양주시,"경기도 남양주시 호평로69번길 3-1,1층 (호평동)"
24,호원1호점,경기도,의정부시,"경기도 의정부시 호원동 419 상가동 1층 104,105호(현대아파트)"
25,호수동점,경기도,안산시,"경기도 안산시 단원구  광덕2로 194-8,108호"
26,호매실점,경기도,수원시,"경기도 수원시 권선구  서수원로523번길 30-35, 101호"
27,호계점,경기도,안양시,"경기도  안양시 동안구  엘에스로 45, 1층 117호(호계동, 대영골든타워)"
28,현풍점,대구광역시,달성군,대구광역시 달성군 현풍면 현풍중앙로14길 85
29,헬리오시티점,서울특별시,송파구,"서울특별시 송파구  송파대로37길 88, 2층(석촌동)"
30,향동점,경기도,고양시,"경기도 고양시 덕양구  꽃내음2길 50-7 , 1층 일부호 (향동동)"
31,향남지구점,경기도,화성시,"경기도 화성시 향남읍 행정서로3길 4-16, 102호"
32,향남2지구점,경기도,화성시,"경기도 화성시 향남읍 상신하길로298번길 7-27, 111호"
33,행신2호점,경기도,고양시,"경기도 고양시 덕양구  중앙로 478, 109호"
34,행당점,서울특별시,성동구,서울특별시 성동구  행당로 79
35,해운대중동점,부산광역시,해운대구,"부산광역시 해운대구  달맞이길65번길 15, 103호"
36,해남점,전라남도,해남군,전라남도 해남군 해남읍 법원길4
37,함열점,전라북도,익산시,전라북도 익산시 함열읍 함열1길 28
38,함안칠원점,경상남도,함안군,경상남도 함안군 칠원읍 구성길 43
39,함안가야점,경상남도,함안군,경상남도 함안군 가야읍 가야로 135
40,함덕점,제주특별자치도,제주시,"제주특별자치도 제주시 조천읍 조함해안로 434, 2층"
41,한성대점,서울특별시,성북구,"서울특별시 성북구  삼선교로2길 3,  1층(삼선동1가)"
42,한라초점,제주특별자치도,제주시,"제주특별자치도 제주시  연화로3길 3-1, 1층(연동)"
43,한남대점,대전광역시,동구,대전광역시 동구 계족로443번길 70 1층 (용전동)
44,학익점,인천광역시,미추홀구,"인천광역시 미추홀구 소성로 168, 1층"
45,학동사거리점,서울특별시,강남구,"서울특별시 강남구  도산대로50길 21,  101호(논현동)"
46,하월곡점,서울특별시,성북구,서울특별시 성북구 오패산로3길 122
47,"하안3,4동점",경기도,광명시,경기도 광명시  하안로 254
48,하복대점,충청북도,청주시,충청북도 청주시 흥덕구  죽천로 120
49,하당지구점,전라남도,목포시,전라남도 목포시  옥암로96번길 14
50,하늘도시1호점,인천광역시,중구,"인천광역시 중구  하늘달빛로 64번길 6-3, 스카이프자라 105호"
51,하남풍산점,경기도,하남시,"경기도 하남시 덕풍동로 111-10 트윈렉스1 113,114호	"
52,하남신장점,경기도,하남시,경기도 하남시  신평로61번길 18
53,풍향산수점,광주광역시,북구,광주광역시 북구 풍향동 579-5번지
54,풍덕천1동점,경기도,용인시,"경기도 용인시 수지구  수지로342번길 42, 1층(풍덕천동)"
55,풍납1호점,서울특별시,송파구,서울특별시 송파구  풍성로24길 40
56,풍기점,경상북도,영주시,경상북도 영주시 풍기읍 기주로 89
57,표선점,제주도,서귀포시,제주도 서귀포시 표선면 표선중앙로 106
58,포항흥해점,경상북도,포항시,경상북도 포항시 북구 흥해읍 한동로 40번길 20
59,포항효곡점,경상북도,포항시,"경상북도 포항시 남구  효자동길 10번길 27, 1층"
60,포항죽도점,경상북도,포항시,"경상북도 포항시 북구  죽파로 24, 1층"
61,포항오천점,경상북도,포항시,경상북도  포항시 남구 오천읍 냉천로340번길 16
62,포항양포점,경상북도,포항시,경상북도 포항시 남구  동해안로3268
63,포항양덕점,경상북도,포항시,경상북도 포항시 북구 천마로 103 1층(양덕동)
64,포항두호우현점,경상북도,포항시,"경상북도 포항시 북구  새천년대로 1020길 12, 213동 106호"
65,포항동해점,경상북도,포항시,"경상북도 포항시 남구 동해면 일월로 100, 1층"
66,포항대이양학점,경상북도,포항시,"경상북도 포항시 북구  이동로 48-1, 205호"
67,포천점,경기도,포천시,경기도 포천시  원앙로 18-2
68,포천일동점,경기도,포천시,경기도 포천시 일동면 기산6리 91-36
69,포천운천점,경기도,포천시,경기도 포천시 영북면 운천로 6-1
70,평택포승점,경기도,평택시,경기도 평택시 포승읍 도곡리 1141-17
71,평택팽성점,경기도,평택시,"경기도 평택시 팽성읍 송화택지로 72, A 1층"
72,평택안중점,경기도,평택시,"경기도 평택시 안중읍 안중로8번길64,1층"
73,평촌스마트점,경기도,안양시,경기도 안양시 동안구  시민대로327번길 7
74,평창장평점,강원도,평창군,"강원도 평창군 용평면 금송1길 49, 1층"
75,평내점,경기도,남양주시,경기도 남양주시  경춘로1286번안길 4-2
76,파주교하점,경기도,파주시,경기도 파주시  책향기로 369
77,파장점,경기도,수원시,"경기도 수원시 장안구  파장로 67, 1층 101호(정자동)"
78,퇴계원점,경기도,남양주시,"경기도 남양주시 퇴계원면 퇴계원로 94, 1층(퇴계원리 95)"
79,통진점,경기도,김포시,경기도 김포시 통진읍 서암리 1113 서암주공아파트 제상가동 101호
80,통영죽림점,경남,통영시,경남 통영시 광도면 죽림3로 43-16
81,통영도남미수점,경상남도,통영시,경상남도 통영시 해평1길 6-4  (봉평동)
82,"태평2,4동점",경기도,성남시,"경기도 성남시 수정구  탄리로 96번길 20, 102호"
83,태장우산점,강원도,원주시,"강원도 원주시 북원로2718번길 2, 1층(태장동)"
84,태백점,강원도,태백시,강원도 태백시  상장남길 67
85,탄현점,경기도,고양시,경기도 고양시 일산구 현중로 26번길 81
86,칠성고성점,대구광역시,북구,대구광역시 북구  호암로 30 1층 102호(칠성동2가)
87,칠금문화점,충청북도,충주시,충청북도 충주시  칠금3길 16-1
88,칠곡왜관점,경상북도,칠곡군,경상북도 칠곡군 왜관읍 2번도로길 71
89,충효탑정점,경상북도,경주시,"경상북도 경주시  충효녹지길 6-17, 1층"
90,충주호암용산점,충청북도,충주시,충청북도 충주시 호암동 133-10번지 102호
91,충장서남점,광주광역시,동구,광주광역시 동구  백서로 125번길 28-1
92,충북증평읍점,충청북도,증평군,충청북도 증평군 증평읍 초중로 45
93,충북제천1호점,충청북도,제천시,충청북도 제천시  의림대로 190
94,충북옥천점,충청북도,옥천군,충청북도 옥천군 옥천읍 양수로 30-2
95,충북옥산점,충청북도,청주시,충청북도 청주시 흥덕구 옥산면 가락길32
96,충북오창점,충청북도,청주시,"충청북도 청주시 청원구 오창읍 구룡4길6,101호"
97,충북괴산점,충청북도,괴산군,충청북도 괴산군 괴산읍 읍내로13길 21
98,충무로점,서울특별시,중구,서울특별시 중구 충무로4가 120-3 진양상가 2층
99,충무공점,경상남도,진주시,"경상남도 진주시  범골로60번길 12, 준스타워 1동 107호"
100,충남합덕점,충청남도,당진시,충청남도 당진시 합덕읍 미락4길 33
101,충남태안점,충청남도,태안군,충청남도 태안군 태안읍 동문리 터널길 25
102,충남당진점,충청남도,당진시,"충청남도 당진시   읍내동 1096, 이안아파트 상가"
103,충남논산점,충청남도,논산시,충청남도 논산시  내동 1169번지 101호
104,춘천후평점,강원도,춘천시,"강원도 춘천시  부평길 8, 1층 우측"
105,춘천효자점,강원도,춘천시,강원도 춘천시 서부대성로 180-1 1층 (효자동)
106,춘천소양점,강원도,춘천시,강원도 춘천시  서부대성로47번길 4 1층 (요선동)
107,춘천석사점,강원도,춘천시,강원도 춘천시 석사동 642번지
108,초월점,경기도,광주시,"경기도 광주시 초월읍 경충대로1127번길 55, E편한세상 B-106호"
109,청파점,서울특별시,용산구,서울특별시 용산구  청파로47길 17 지층 1층
110,청천2동점,인천광역시,부평구,"인천광역시 부평구  평천로 158, 102호(청천동, 럭스96)"
111,청주용암점,충청북도,청주시,충청북도 청주시 상당구 용암동 2183번지
112,청주분평점,충청북도,청주시,"충청북도 청주시 서원구  청남로 1994 , 1층 (분평동)"
113,청주봉명점,충청북도,청주시,"충청북도 청주시 흥덕구  덕암로 108번길 61 , 102호(봉명동)"
114,청주동남지구점,충청북도,청주시,"충청북도 청주시 상당구  중고개로 104,  상가2동 103호(용암동, 칸타빌 더 테라스 2단지)"
115,청주금천점,충청북도,청주시,충청북도 청주시 상당구  중고개로 273번길 64
116,청주강서지구점,충청북도,청주시,충청북도 청주시 흥덕구  서현북로 24
117,청주가경점,충청북도,청주시,"충청북도 청주시 흥덕구  경산로 28, 1층(가경동)"
118,청북점,경기도,평택시,경기도 평택시 청북읍 옥길리 1165-5
119,청룡점,서울특별시,관악구,"서울특별시 관악구  쑥고개로 89, 1층"
120,청라2호점,인천광역시,서구,인천광역시 서구 경서동 981-93 1층 101호
121,청라1호점,인천광역시,서구,"인천광역시 서구 청라라임로100, 104"
122,청담점,서울특별시,강남구,서울특별시 강남구 청담동 35-1 1층
123,첨단2호점,광주광역시,북구,"광주광역시 북구  첨단연신로91번길 44, 대성빌딩 112호"
124,철산1.2동점,경기도,광명시,"경기도 광명시  시청로 33, 101호, 102호(철산동)"
125,천호3동점,서울특별시,강동구,"서울특별시 강동구  구천면로 238, 103호"
126,천호1동점,서울특별시,강동구,서울특별시 강동구 천호1동 224-50번지
127,천안청수점,충청남도,천안시,충청남도 천안시 동남구 청수6로105 (청수동)
128,천안차암점,충청남도,천안시,충청남도 천안시 서북구 차암동 435-1힐링제이타워 1층 115호
129,천안직산점,충청남도,천안시,"충청남도 천안시 서북구 직산읍 삼은3길 38, 102호"
130,천안용곡점,충청남도,천안시,"충청남도 천안시 동남구  새말1길 47, 1층"
131,천안쌍용점,충청남도,천안시,충청남도 천안시 서북구 쌍용13길 13-2 (쌍용동)
132,천안신부점,충청남도,천안시,충청남도 천안시 동남구 신부동 319-37
133,천안성환점,충청남도,천안시,충청남도 천안시 서북구  성환3로 38 1층
134,천안성정점,충청남도,천안시,충청남도  천안시 서북구  서부19길 4 1층 (성정동)
135,천안성성점,충청남도,천안시,충청남도 천안시 서북구  성성2길 54-1
136,천안불당점,충청남도,천안시,"충청남도 천안시 서북구 불당25로142, 골든프라자 102, 103호 (불당동)"
137,천안백석점,충청남도,천안시,"충청남도  천안시 서북구   백석4길 31, 108호"
138,천안두정점,충청남도,천안시,"충청남도 천안시 서북구  두정고3길 8, 1층(두정동)"
139,창현점,경기도,남양주시,경기도 남양주시 화도읍 경춘로창벌1길 19
140,창원팔용점,경상남도,창원시,경상남도 창원시 의창구 팔용동 183-9번지
141,창원중앙점,경상남도,창원시,"경상남도 창원시 성산구  용지로121번길 15, 1층"
142,창원소답점,경상남도,창원시,"경상남도 창원시 의창구  읍성로89번길 2, 1층 101호"
143,창원봉곡사림점,경상남도,창원시,경상남도 창원시 의창구  사림로 53
144,창원반송점,경상남도,창원시,"경상남도 창원시 성산구  원이대로393번길 17 ,  1층 2호(반지동)"
145,창원명서도계점,경상남도,창원시,경상남도 창원시 의창구  도계동396-7 1층
146,창원동읍점,경상남도,창원시,경상남도 창원시 의창구 동읍 용정길32번길 16
147,창원대방점,경상남도,창원시,"경상남도 창원시 성산구  창이대로901번길 30 , 8동 1층 120호(대방동, 대방그린빌아파트)"
148,창원감계점,경상남도,창원시,"경상남도 창원시 의창구 북면 감계로 266, 204호"
149,창녕읍점,경상남도,창녕군,경상남도 창녕군 창녕읍  명덕로 6-1
150,창5동점,서울시,도봉구,"서울시 도봉구  노해로61길 4,  지층 비101호(창동, 리솜하우스)"
151,창4동점,서울특별시,도봉구,"서울특별시 도봉구  노해로70길 46, 125호(창동, 19단지종합상가)"
152,창2동점,서울특별시,도봉구,"서울특별시 도봉구  도봉로 110다길 51,  태영 창동데시앙 아파트상가 109호"
153,진해웅천점,경상남도,진해시,경상남도 진해시 성내동 359-1번지
154,진해용원웅동점,경상남도,진해시,경상남도 진해시 안골동 376-3
155,진해석동풍호점,경상남도,창원시,"경상남도 창원시 진해구  냉천로 88, 103호"
156,진천읍점,충청북도,진천군,충청북도 진천군 진천읍 중앙동로 132
157,진주하대초장점,경상남도,진주시,경상남도 진주시  하대로 116
158,진주칠암망경점,경상남도,진주시,경상남도 진주시  진주대로 849-10
159,진주신안평거점,경상남도,진주시,경상남도 진주시 신평공원길 25번길 12-13
160,진주상봉봉안점,경상남도,진주시,경상남도 진주시  진주성로 103
161,진주상대점,경상남도,진주시,경상남도 진주시 돗골로 126-1 1층 (상대동)
162,진주금산점,경상남도,진주시,경상남도 진주시 금산면 중천로 74
163,진주가호점,경상남도,진주시,경상남도 진주시  진주대로 568번길 8
164,진접지구점,경기도,남양주시,경기도 남양주시 진접읍 해밀예당2로 117
165,진안점,경기도,화성시,"경기도  화성시  병점동로 126, 1층 101,102호"
166,진부점,강원도,평창군,강원도 평창군 진부면 진부중앙로 53
167,진도점,전라남도,진도군,전라남도 진도군 진도읍 쌍정리 257-20
168,지행1호점,경기도,동두천시,경기도 동두천시  생연로9번길 23
169,지세포점,경상남도,거제시,경상남도 거제시 일운면 거제대로 2471
170,지산신장점,경기도,평택시,경기도 평택시  송탄공원로73 (지산동)
171,중화1호점,서울특별시,중랑구,서울특별시 중랑구 중화1동 295-22
172,중촌목동점,대전광역시,중구,대전광역시 중구  중촌로24번길 23. 1층
173,중앙반월점,경상남도,창원시,"경상남도 창원시 마산합포   3.15대로 77, 105호"
174,중앙고잔점,경기도,안산시,"경기도 안산시 단원구  당곡로 33,  104호(고잔동, 안산프라움씨티오피스텔)"
175,중산점,경기도,고양시,경기도 고양시 일산동구  탄중로431번길 8-8 1층 (중산동)
176,중동2호점,경기도,부천시,경기도 부천시 원미구 중동 1058-1
177,중동1호점,경기도,부천시,"경기도 부천시  중동로248번길 55 (중동, 무광프라자 109호)"
178,중곡4동점,서울특별시,광진구,"서울특별시 광진구  영화사로 47, 1층(중곡동, 박빌딩)"
179,중곡1동점,서울특별시,광진구,서울특별시 광진구  능동로 339
180,중계1동점,서울특별시,노원구,"서울특별시 노원구  덕릉로 591,  1층 102호(중계동, 금화빌딩)"
181,죽전단국대점,경기도,용인시,"경기도 용인시 수지구  죽전로 164, 1층 102호(죽전동, 화이트존)"
182,주엽2동점,경기도,고양시,"경기도 고양시 일산서구  중앙로 1471, 105호"
183,주안3호점,인천광역시,남구,인천광역시 남구  미추홀대로 591
184,주안2호점,인천광역시,미추홀구,인천광역시 미추홀구  석정로 379
185,주문진읍점,강원도,강릉시,강원도 강릉시 주문진읍 항구로41-1 1층
186,좌4동점,부산광역시,해운대구,"부산광역시 해운대구  세실로 174(좌동, 삼성아파트 분산상가 103호)"
187,"좌1,3동점",부산광역시,해운대구,"부산광역시 해운대구  대천로67번길 15, 112호"
188,종암점,서울특별시,성북구,"서울특별시 성북구  종암로 19길 46, 103호"
189,종로4가점,서울특별시,종로구,"서울특별시 종로구  창경궁로 113, 1층(인의동)"
190,종각역점,서울특별시,종로구,"서울특별시 종로구 종로14길 11, 1,2층(관철동)"
191,조치원점,세종특별자치시,조치원읍,"세종특별자치시  조치원읍   충현로 72,삼일상가@110호"
192,제천하소점,충청북도,제천시,충청북도 제천시  용두대로15가길 13
193,제주한림점,제주도,제주시,제주도 제주시 한림읍 한림로 653
194,제주외도점,제주도,제주시,"제주도 제주시  우정로18길 12, 1층"
195,제주영어도시점,제주도,서귀포시,제주도 서귀포시 대정읍 에듀시티로 23 상가동 105호
196,제주연동점,제주도,제주시,제주도 제주시 연동 274-21
197,제주아라점,제주도,제주시,제주도 제주시 아라1동  1718-3 원신아파트 상가 1층
198,제주신촌점,제주도,제주시,"제주도 제주시 조천읍 신북로 99, 1층"
199,제주신시가지점,제주도,서귀포시,제주도 서귀포시  신서로 55 강정상록아파트 상가
200,제주동홍점,제주도,서귀포시,제주도 서귀포시  일주동로 8588
201,제주노형점,제주도,제주시,제주도 제주시  정존13길 14
202,제부도점,경기도,화성시,경기도 화성시 서신면 해안길 232-1 2층
203,정자마을점,경기도,성남시,"경기도 성남시 분당구  내정로 54,  나상가동 1층 104호(정자동, 한솔마을주공6단지아파트)"
204,정자1동점,경기도,성남시,"경기도 성남시 분당구  내정로119번길 17,  1(일부)층 102호(정자동)"
205,정읍수성점,전라북도,정읍시,전라북도 정읍시  수성택지4길 4(수성동)
206,정읍상동점,전라북도,정읍시,전라북도 정읍시  학산로 127-31(상동)
207,"정왕3,4동점",경기도,시흥시,"경기도 시흥시  정왕신길로49번길 28 107호(정왕동 1875-2, 미주아파트상가)"
208,정왕1동점,경기도,시흥시,"경기도 시흥시  봉우재로 10,  1층 일부호(정왕동)"
209,정발산점,경기도,고양시,경기도 고양시 일산동구  산두로 239
210,정릉역점,서울특별시,성북구,"서울특별시 성북구 정릉로 26길 8, 제상가동 1층"
211,정릉1호점,서울특별시,성북구,서울특별시 성북구  보국문로16길 74
212,정관신도시점,부산광역시,기장군,"부산광역시 기장군 정관읍 정관로 595, 110호"
213,정관모전점,부산광역시,기장군,"부산광역시 기장군 정관면 정관로 350, 323동 B101호 (이지더원3차)"
214,전주평화점,전라북도,전주시,전라북도 전주시 완산구  평화로 139
215,전주진북점,전라북도,전주시,전라북도 전주시 덕진구 진북동 434-45번지
216,전주인후점,전라북도,전주시,전라북도 전주시 덕진구  견훤로 320 1층
217,전주에코시티점,전라북도,전주시,"전라북도 전주시 덕진구  세병로74, 212동 1층 101호"
218,전주아중점,전라북도,전주시,전라북도 전주시 덕진구  무삼지로 53
219,전주서신점,전라북도,전주시,전라북도 전주시 완산구  전룡로 28
220,전주삼천점,전라북도,전주시,"전라북도 전주시 완산구  난전들로258, 1층 5호 (삼천동1가)"
221,전주만성점,전라북도,전주시,"전라북도 전주시 덕진구  만성중앙로 53-37, 1층 103호"
222,전북혁신도시점,전라북도,완주군,전라북도 완주군 이서면 출판로 42
223,전남화순점,전라남도,화순군,전라남도 화순군 화순읍 광덕리 305번지
224,전남장흥점,전라남도,장흥군,전라남도 장흥군 장흥읍 장흥로 76-10 1층 104호
225,전남영암점,전라남도,영암군,전라남도 영암군 영암읍 중앙로 16
226,전남영광점,전라남도,영광군,전라남도 영광군 영광읍 옥당로 123
227,전남나주점,전라남도,나주시,"전라남도 나주시   중앙로 20,  1층, 오른쪽 첫번째칸(남내동 )"
228,전남광양읍점,전라남도,광양시,전라남도 광양시 광양읍 유당로 43
229,전남강진점,전라남도,강진군,"전라남도 강진군 강진읍 탐진로 65, 1층"
230,전곡점,경기도,연천군,경기도 연천군 전곡읍 은전로86번길 18
231,장항점,경기도,고양시,경기도 고양시 일산동구  중앙로 1129  호수마을 1단지 제중관동 1층 1058호
232,장천산동점,경상북도,구미시,"경상북도 구미시 산동면 산호대로39길16, 1동 101호"
233,장지역점,서울특별시,송파구,서울특별시 송파구  새말로143 1층 (문정동)
234,장안2동점,서울특별시,동대문구,서울특별시 동대문구  사가정로25길 22-3 1층(장안동)
235,장안1동점,서울특별시,동대문구,"서울특별시 동대문구  장한로9길 16, 1층"
236,장성창포점,경상북도,포항시,경상북도 포항시 북구  대곡로 10
237,장성읍점,전라남도,장성군,전라남도 장성군 장성읍 청운길 9-1
238,장기감삼점,대구광역시,달서구,대구광역시 달서구 장기동 528
239,장곡장현점,경기도,시흥시,"경기도 시흥시  장곡북로 43,  근린생활시설동 1층 5호(장곡동, 시흥장현 루벤시아 1차)"
240,잠원한강점,서울특별시,서초구,"서울특별시 서초구  강남대로95길 47-4,  1층 2호(잠원동)"
241,잠실본동점,서울특별시,송파구,서울특별시 송파구 잠실본동 222-10 1층
242,잠실2호점,서울특별시,송파구,서울특별시 송파구  석촌호수로 135
243,잠실1호점,서울특별시,송파구,서울특별시 송파구  올림픽로 35길 104-108
244,작전서운점,인천광역시,계양구,인천광역시 계양구  까치말로45번길 10
245,작전2동점,인천광역시,계양구,"인천광역시 계양구  계양대로 120번길 7, 102호"
246,자운점,대전광역시,유성구,대전광역시 유성구 신봉동 5-2 창조레스텔 1층
247,자양점,서울특별시,광진구,"서울특별시  광진구 자양3동 뚝섬로41길 8, B동 1층"
248,임학점,인천광역시,계양구,"인천광역시 계양구  계양산로 216번길 14, 103호"
249,일원1.2동점,서울특별시,강남구,"서울특별시 강남구  일원로9길 63, 1층(일원동)"
250,일신부개점,인천광역시,부평구,인천광역시 부평구  경인로 1002번길 34-1
251,일산풍동점,경기도,고양시,"경기도 고양시 일산구  고풍로 72-41, 104호"
252,일산식사점,경기도,고양시,"경기도 고양시 일산구  위시티3로 75, 1층"
253,일산가좌점,경기도,고양시,"경기도 고양시 일산서구  가좌3로 11,  1층 101호, 102호(가좌동, 오성프라자)"
254,일도동광초점,제주도,제주시,제주도 제주시  연수로3길 7
255,일광신도시점,부산광역시,기장군,"부산광역시 기장군 일광면 해빛로 39-14, 1층 102호"
256,인헌점,서울특별시,관악구,서울특별시 관악구  인헌길 43
257,인천주안1호점,인천광역시,미추홀구,"인천광역시 미추홀구 석바위로 112, 1층"
258,인천원당점,인천광역시,서구,"인천광역시 서구 당하동 1030-1, 106호"
259,인천운남점,인천광역시,중구,"인천광역시 중구   숲쟁이로 12, 상가동 B1호 (운남동, e편한세상 영종하늘도시)"
260,인천용현2점,인천광역시,남구,인천광역시 남구  낙섬중로 72
261,인천연희점,인천광역시,서구,인천광역시 서구 심곡동 336-4번지 1층 103호
262,인천신포점,인천광역시,중구,인천광역시 중구  신포로23번길 35-1
263,인천숭의점,인천광역시,남구,인천광역시 남구  수봉로 6-15
264,인천석남점,인천광역시,서구,인천광역시 서구  석남로 78
265,인천검단점,인천광역시,서구,인천광역시 서구 완정로 188번길 9-1
266,인창1호점,경기도,구리시,경기도 구리시 인창동 383-54번지 1층
267,인제점,강원도,인제군,강원도 인제군 인제읍 상동리 296-8
268,인계동수원점,경기도,수원시,"경기도 수원시 팔달구  중부대로 192,1층(인계동 167-8)"
269,익산황등점,전라북도,익산시,전라북도 익산시 황등면 황등중앙로 21
270,익산영등점,전라북도,익산시,전라북도 익산시 고봉로32길 7  1층 (영등동)
271,익산어양점,전라북도,익산시,전라북도 익산시 무왕로19길 36 1층
272,익산신동점,전북,익산시,전북 익산시 익산대로68길 26
273,익산부송점,전라북도,익산시,"전라북도 익산시  무왕로26길 21, 1층(부송동)"
274,익산모현점,전라북도,익산시,전라북도 익산시  선화로3길 39-15
275,익산동산점,전라북도,익산시,전라북도 익산시 중앙로166-1 1층 (마동)
276,이태원점,서울특별시,용산구,서울특별시 용산구  우사단로12길 18
277,이충장당점,경기도,평택시,경기도 평택시 송탄로 190 1층(서정동)
278,이천하이닉스점,경기도,이천시,"경기도 이천시 부발읍 경충대로2092번길31, 1층 109호"
279,이천관고점,경기도,이천시,"경기도 이천시  영창로 149, 1층(관고동)"
280,이시아폴리스점,대구광역시,동구,"대구광역시 동구  팔공로 250, 118호"
281,이문2호점,서울특별시,동대문구,서울특별시 동대문구 이문동 345-7번지
282,이문1호점,서울특별시,동대문구,서울특별시 동대문구  신이문로 38
283,이매점,경기도,성남시,경기도 성남시 분당구 이매동 91-1번지 102호
284,이대역점,서울시,마포구,"서울시 마포구  신촌로 196, 1층 101호(염리동)"
285,의정부용현점,경기도,의정부시,"경기도 의정부시 (용현동) 용민로 75-27, 1층 굽네치킨"
286,의정부동점,경기도,의정부시,경기도 의정부시  신흥로 196
287,의정부녹양점,경기도,의정부시,경기도 의정부시 녹양동 326-2
288,의왕오전점,경기도,의왕시,경기도 의왕시  오전동길 25
289,의왕삼동부곡점,경기도,의왕시,경기도 의왕시  솔밭길 18-4
290,응암1호점,서울특별시,은평구,"서울특별시 은평구   응암로22길 7-1, 1층"
291,음성혁신1호점,충청북도,음성군,충청북도 음성군 맹동면 용두2나길 12
292,은행선화점,대전광역시,중구,대전광역시 중구  대종로549번길 14
293,은행동점,경기도,성남시,경기도 성남시 중원구 은행동 701번지 1층
294,은평뉴타운점,서울특별시,은평구,"서울특별시 은평구  진관4로 78-8, 701동 104호"
295,은천점,서울특별시,관악구,"서울특별시 관악구  은천로 61, 1층"
296,은계지구점,경기도,시흥시,"경기도 시흥시 은계호수로 49, 1층 1085호(은행동, 시흥 센트롤돔그랑트리)"
297,율량사천점,충북,청주시,"충북 청주시 청원구  율천북로 55, 1층"
298,율량2지구점,충청북도,청주시,충청북도 청주시 청원구 주성로 289
299,유천점,대전광역시,중구,대전광역시 중구 태평로26번길 50
300,유성온천점,대전광역시,유성구,"대전광역시 유성구  대학로 45,  스카이뷰로드 104호"
301,유가점,대구광역시,달성군,대구광역시 달성군 유가읍 테크노중앙대로6길 20
302,위례1호점,경기도,성남시수정구,"경기도 성남시수정구 위례광장로 45, 1층 102호"
303,월피점,경기도,안산시,"경기도 안산시 상록구 안산천서로5길 27, 1층"
304,월계2동점,서울특별시,노원구,서울특별시 노원구 월계동 776 월계프라자 104호
305,원통점,강원도,인제군,강원도 인제군 북면 원통로147번길 41
306,원주혁신점,강원도,원주시,"강원도 원주시  황금로 13, 201호"
307,원주단구점,강원도,원주시,"강원도 원주시  단구로 414, 1층 102호"
308,원주기업도시점,강원도,원주시,"강원도 원주시 지정면 신지정로 197-5, 1층 102호"
309,원내점,대전광역시,유성구,대전광역시 유성구  진잠로78번길 63 1층 (원내동)
310,원곡본동점,경기도,안산시,경기도 안산시 단원구  화랑로 28
311,울산호계점,울산광역시,북구,"울산광역시 북구  호계매곡4로 42, 1층"
312,울산정자해변점,울산광역시,북구,"울산광역시 북구  강동산하2로 7,  201동 1층 107호"
313,울산일산점,울산광역시,동구,울산광역시 동구  대학길 162
314,울산온양점,울산광역시,울주군,울산광역시 울주군 온양읍 대안리415-19번지
315,울산온산점,울산광역시,울주군,울산광역시 울주군 온산읍 덕남로 17 (1층)
316,울산옥동신정1호점,울산광역시,남구,울산광역시 남구 옥동 1405-27번지
317,울산언양점,울산광역시,울주군,울산광역시 울주군 언양읍 남문길 20 1층
318,울산야음점,울산광역시,남구,울산광역시 남구  야음동 693-5
319,울산신정3호점,울산광역시,남구,울산광역시 남구 신정5동 265-50번지
320,울산송정점,울산광역시,북구,울산광역시 북구  화동로 16 (1층)
321,울산성안점,울산광역시,중구,울산광역시 중구  백양로 14
322,울산삼호점,울산광역시,남구,울산광역시 남구 무거동 1447-9호
323,울산삼산점,울산광역시,남구,"울산광역시 남구  돋질로 334, 1층"
324,울산복산점,울산광역시,중구,울산광역시 중구  화합로 498
325,울산방어꽃바위점,울산광역시,동구,울산광역시 동구  화문로 41
326,울산반구점,울산광역시,중구,"울산광역시 중구  화합로 388, 1호"
327,울산무거점,울산광역시,남구,울산광역시 남구  신복로7 1층
328,울산달동점,울산광역시,남구,"울산광역시 남구  번영로89번길 23,  101호"
329,울산다운점,울산광역시,중구,울산광역시 중구  다운로 64
330,울산농소1호점,울산광역시,북구,울산광역시 북구 매곡1로 55-23
331,울산남목점,울산광역시,동구,울산광역시 동구  미포3길 35
332,운정3호점,경기도,파주시,"경기도 파주시  가람로 6, 103호"
333,운정2호점,경기도,파주시,"경기도 파주시  한울로 84,  518동 102호(동패동, 휴먼시아 한울마을)"
334,운정1호점,경기도,파주시,"경기도 파주시  가온로 27, 월드아파트상가 108호"
335,운양점,경기도,김포시,"경기도 김포시  김포한강11로 288-27, 102호"
336,운서점,인천광역시,중구,인천광역시 중구  영종대로 124 (102호 운서동)
337,우정태화점,울산광역시,중구,울산광역시 중구  태화로 263
338,우장산동점,서울특별시,강서구,"서울특별시 강서구  화곡31길 18, 1층 3호"
339,우아호성점,전라북도,전주시,전라북도 전주시 덕진구  우아로28
340,우만1동점,경기도,수원시,경기도 수원시 팔달구  세지로 440
341,우도점,제주도,제주시,"제주도 제주시 우도면 우도해안길 800, 1층"
342,용호메트로점,부산광역시,남구,"부산광역시 남구  용호로90번길 12-4, A-103호"
343,용현1호점,인천광역시,남구,인천광역시 남구 용현동 2-9
344,용인죽전1호점,경기도,용인시,경기도 용인시 수지구 죽전동 425-2번지 108호
345,용인역북점,경기도,용인시,"경기도 용인시 처인구 역북동 명지로40번길 35-16,상가동 지1층"
346,용인양지점,경기도,용인시,"경기도 용인시 처인구  양지로 143번길 5-5 1층 1,2호"
347,용인성복점,경기도,용인시,경기도 용인시 수지구 성복동 134번지 302호
348,용인서천점,경기도,용인시,경기도 용인시 기흥구  서천동로83번길 4-10
349,용인보라점,경기도,용인시,"경기도 용인시 기흥구  한보라1로 42-4., 105호"
350,용인둔전점,경기도,용인시,경기도 용인시 처인구 포곡읍 둔전리 405-19 105호
351,용인동천점,경기도,용인시,"경기도 용인시 수지구  수풍로117번길 2-2, 102호"
352,용인김량장동점,경기도,용인시,"경기도 용인시 처인구 중부대로 1393, 1층 3호"
353,용인구성점,경기도,용인시,경기도 용인시 기흥구  마북로 98
354,용인강남대점,경기도,용인시,"경기도 용인시 기흥구 강남로 12, 108, 109호(구갈동, 스카이프라자)"
355,용이동점,경기도,평택시,"경기도 평택시  현신3길 4, 102호"
356,용운판암점,대전광역시,동구,대전광역시 동구  새울로91번길2
357,용산용문점,서울특별시,용산구,"서울특별시 용산구  새창로 119, 1층"
358,용산역점,서울특별시,용산구,서울특별시 용산구 한강로2가 255-1
359,용두신설점,서울특별시,동대문구,서울특별시 동대문구  안암로 40
360,"용당용호2,4동점",부산광역시,남구,"부산광역시 남구  용호로216번가길 10 상가동 1층 105호 (용호동, 용호예가)"
361,용담점,제주도,제주시,제주도 제주시  용담로 70
362,완주삼례점,전라북도,완주군,전라북도 완주군 삼례읍 삼봉로 117
363,완월자산점,경상남도,창원시,경상남도 창원시 마산합포  고운로 181
364,완도점,전라남도,완도군,전라남도 완도군 완도읍 가용리 1062-4
365,와동점,경기도,안산시,경기도 안산시 단원구  753-9 번지 1층
366,온천3동점,부산광역시,동래구,부산광역시 동래구  충렬대로86번길 31
367,온의퇴계점,강원도,춘천시,강원도 춘천시 온의동 541-3번지
368,옥정지구점,경기도,양주시,경기도 양주시  옥정동로5길 49
369,옥산정평점,경상북도,경산시,경상북도 경산시  성암로 21길 43
370,옥련점,인천광역시,연수구,인천광역시 연수구  청량로239번길 11
371,옥길지구점,경기도,부천시,경기도 부천시 양지로184번길 7-6 1층 (옥길동)
372,옥곡백천점,경상북도,경산시,"경상북도 경산시  백천동로 7,  상가동 108호(백천동, 부영초록마을)"
373,옥계구포점,경상북도,구미시,경상북도 구미시  산호대로 25길 25-38
374,오포점,경기도,광주시,경기도 광주시  양벌로 295
375,오태북삼점,경상북도,칠곡군,경상북도 칠곡군 북삼읍 북삼로 109
376,오창2산단점,충북,청주시,"충북 청주시 청원구  오창읍 2산단로 185-1, 102호"
377,오송점,충청북도,청주시,충청북도  청주시 흥덕구 오송생명5로 267-7 1층 103호
378,오산중앙점,경기도,오산시,경기도 오산시  경기대로 333번길 31
379,오산원동점,경기도,오산시,"경기도 오산시  오산로 164,  1층 103호(원동, 양우프라자)"
380,오산신장점,경기도,오산시,경기도 오산시  오산로348번길 3
381,오목천점,경기도,수원시,경기도 수원시 권선구  온정로 8 1층 (오목천동)
382,오류2동점,서울시,구로구,"서울시 구로구 오류로 61, 1층 101호(오류동, 청담파우제)"
383,오금점,서울특별시,송파구,서울특별시 송파구  성내천로88 1층 103호 (오금동)
384,예산읍점,충청남도,예산군,충청남도 예산군 예산읍 역전로140번길21
385,예산삽교읍점,충청남도,예산군,충청남도 예산군 삽교읍 삽교로 88
386,영평점,제주특별자치도,제주시,"제주특별자치도 제주시  기와4길 14-3, 1층(영평동)"
387,영통2동점,경기도,수원시,"경기도 수원시 영통구  영통로 237,  B2층 B205호(신동, 에이스 하이엔드 타워 영통)"
388,영통1동점,경기도,수원시,경기도 수원시 영통구  반달로 7번길 40
389,영천동부점,경상북도,영천시,"경상북도 영천시  창신1길 42, 301동 1층 3호"
390,영주휴천점,경상북도,영주시,경상북도 영주시  지천로 108
391,영주대청점,부산광역시,중구,부산광역시 중구  동영로 24
392,영주가흥점,경상북도,영주시,경상북도 영주시 가흥동 1810-1번지 1층 굽네치킨 (영주시 대학로 209)
393,영월점,강원도,영월군,강원도  영월군  영월읍  중앙로 13
394,영암삼호점,전라남도,영암군,"전라남도 영암군 삼호읍 삼호중앙로 234, 나동 1층"
395,영등포구청역점,서울특별시,영등포구,"서울특별시 영등포구  양산로 131-2, 1층"
396,영동읍점,충청북도,영동군,충청북도 영동군 영동읍 계산리 588-36
397,영덕읍점,경상북도,영덕군,경상북도 영덕군 영덕읍 남석리 23번지
398,영덕영해점,경상북도,영덕군,경상북도 영덕군 영해면 성내리 481-3
399,염창역점,서울특별시,양천구,"서울특별시 양천구  공항대로 644, 지앤빌딩"
400,연일유강점,경북,포항시,경북 포항시 남구 연일읍 연일로 160-7 1층 101호(아이너스뷰)
401,연신내점,서울시,은평구,서울시 은평구  통일로 877 1층
402,연수교현점,충청북도,충주시,충청북도 충주시  갱고개로 39
403,연수3동선학점,인천광역시,연수구,인천광역시 연수구 선학동 376-5 1층 남서쪽상가 2칸
404,연수1동점,인천광역시,연수구,인천광역시 연수구  먼우금로264번길 12 1층
405,연산2호점,부산광역시,연제구,"부산광역시 연제구  중앙천로 35, 1층(연산동)"
406,연산1동점,부산광역시,연제구,부산광역시 연제구 연산동 615-10
407,연무점,충청남도,논산시,충청남도 논산시 연무읍 연무로 180-1
408,연남점,서울특별시,마포구,서울특별시 마포구  동교로27길 91
409,역촌점,서울특별시,은평구,서울특별시 은평구  연서로 49
410,역삼2동점,서울특별시,강남구,서울특별시 강남구  도곡로27길6 1층 (역삼동)
411,역삼1동점,서울특별시,강남구,"서울특별시 강남구  역삼로 129 ,104호"
412,역곡점,경기도,부천시,경기도 부천시 원미구 역곡동 110-8번지
413,여주점,경기도,여주시,경기도 여주시  여흥로 108
414,여좌중앙점,경상남도,창원시,경상남도 창원시 진해구  충장로41
415,여의도1호점,서울특별시,영등포구,서울특별시 영등포구  국회대로 66길 23 105호
416,여월도당점,경기도,부천시,"경기도 부천시 부천로366번길 86,106호 (도당동 베네스트로즈)"
417,여수죽림점,전라남도,여수시,전라남도 여수시 소라면 죽림중앙로 33
418,여수웅천점,전라남도,여수시,전라남도 여수시  웅천로 19-9 103호
419,여수여천점,전라남도,여수시,전라남도 여수시  망마로 102
420,여수여서점,전라남도,여수시,전라남도 여수시  여문1로 28
421,여수봉산국동점,전라남도,여수시,전라남도 여수시  대교로 26 (봉산동)
422,여수미평점,전라남도,여수시,전라남도 여수시  양지1길 6-14
423,여수문수점,전라남도,여수시,"전라남도 여수시  문수로 68, 1층(문수동)"
424,여수무선점,전라남도,여수시,전라남도 여수시  화산1길 7
425,여수돌산점,전라남도,여수시,전라남도 여수시 돌산읍 우두리 1056-1
426,여수관문점,전라남도,여수시,전라남도 여수시 충무동 463-1번지
427,에코메트로점,인천광역시,남동구,"인천광역시 남동구  소래역남로16번길 75,  에코메트로3차 더타워상가 1층 111-3호"
428,양평점,경기도,양평군,경기도 양평군 양평읍 한빛길4
429,양평용문점,경기도,양평군,경기도 양평군 용문면 용문로375
430,양주삼숭고읍점,경기도,양주시,경기도 양주시  삼숭로 157 106호(삼숭동)
431,양주백석점,경기도,양주시,경기도 양주시 벡석읍 호명로 92
432,양주덕계점,경기도,양주시,경기도 양주시 덕계동 473-4번지
433,양정염포점,울산광역시,북구,울산광역시 북구  염포로 563
434,양재1동점,서울특별시,서초구,서울특별시 서초구 바우뫼로41길 8 102호 (양재동)
435,양양점,강원도,양양군,강원도 양양군 양양읍 남문로15
436,양산증산점,경상남도,양산시,"경상남도 양산시 물금읍 물금로 159, 1층"
437,양산신도시점,경상남도,양산시,"경상남도 양산시  양주로 38, 1층 108호"
438,양산석산점,경상남도,양산시,"경상남도 양산시 동면 금오12길 4-5, 1층"
439,양산서창점,경상남도,양산시,경상남도 양산시 삼호동 794-1 1층
440,양산범어점,경상남도,양산시,경상남도 양산시 물금읍 범구로 17
441,양산물금점,경상남도,양산시,"경상남도 양산시 물금읍 버들길 36, 1층"
442,양산덕계점,경상남도,양산시,경상남도 양산시  배움터길 20
443,양구점,강원도,양구군,강원도 양구군 양구읍 중심로 184-1
444,양곡점,경기도,김포시,"경기도 김포시 양촌읍 양곡2로 30, 106호"
445,야탑3동점,경기도,성남시분당구,경기도 성남시분당구  벌말로 29번길 18
446,"야탑1,2동점",경기도,성남시,경기도 성남시 분당구  판교로 443
447,애월점,제주특별자치도,제주시,"제주특별자치도 제주시 애월읍 고내로 11길 30, 2층"
448,압량조영점,경상북도,경산시,경상북도 경산시 압량면 청운1로 89
449,암사3동점,서울특별시,강동구,서울특별시 강동구  암사길 88
450,알펜시아점,강원도,평창군,강원도 평창군 대관령면 솔봉로 325
451,안지랑점,대구광역시,남구,"대구광역시 남구  대명로 177,  1층 13호(대명동, 동신맨션)"
452,안양중앙시장점,경기도,안양시,경기도 안양시 만안구  냉천로 193번길 42 안양4동 711-120
453,안양박달점,경기도,안양시,경기도 안양시 만안구  박달로 506
454,안양관양점,경기도,안양시,경기도 안양시 동안구 관양1동 1386-18번지
455,안양7동점,경기도,안양시,"경기도 안양시 만안구  태평로 52번길 37, 지상 1층 110호"
456,안성한경대점,경기도,안성시,"경기도 안성시  중앙로 274-7,  상가동 102호(석정동, 한빛마을우남퍼스트빌)"
457,안산한양대점,경기도,안산시,경기도 안산시 상록구  사동 1550-8
458,안산초지점,경기도,안산시,경기도 안산시 단원구 초지동 742-9번지 메가쇼핑 113호
459,안산일동점,경기도,안산시,"경기도 안산시 상록구 일동 구룡로 33, 102호"
460,안산성포점,경기도,안산시,경기도 안산시 상록구 성포동 592-2번지 현대@상가 112동 107호
461,안동중앙점,경상북도,안동시,경상북도 안동시  안기천로 46 1층 103호(당북동)
462,안동용상점,경상북도,안동시,경상북도 안동시  경동로 908
463,안동1호점,경상북도,안동시,경상북도 안동시  경동로 349
464,아산테크노밸리점,충청남도,아산시,"충청남도 아산시 둔포면 아산밸리중앙로 67,  414동 지하1층 B108호"
465,아산탕정점,충청남도,아산시,"충청남도 아산시 탕정면 명암리 939-10, 101호"
466,아산장재점,충청남도,아산시,"충청남도 아산시  용연로 71,  103호"
467,아산용화점,충청남도,아산시,충청남도 아산시  온중로 39
468,아산신창점,충청남도,아산시,충청남도 아산시 신창면 서부북로920 1층
469,아산권곡점,충청남도,아산시,"충청남도 아산시  청운로 146번길 2, 201호"
470,아라신도시점,인천광역시,서구,"인천광역시 서구  이음5로 76,  111호(원당동, 서영아너시티2차)"
471,쌍문점,서울특별시,도봉구,"서울특별시 도봉구  도봉로 139길 74, 1층"
472,심곡점,경기도,부천시,"경기도 부천시  신흥로 22,  1층 105호(심곡동, 스카이파크)"
473,신흥약대점,경기도,부천시,경기도 부천시 원미구  약대동 118
474,신현점,경기도,광주시,"경기도 광주시 오포읍 신현로 74, 101호"
475,신현원창점,인천광역시,서구,인천광역시 서구 가정동 515-1
476,신평비산점,경상북도,구미시,경상북도 구미시  비산로21 상가동 1층 103호 (비산동)
477,신탄진점,대전광역시,대덕구,대전광역시 대덕구  덕암로 255
478,신촌점,서울특별시,서대문구,서울특별시 서대문구  연세로9길 34-4 1층 (창천동)
479,신창신가점,광주광역시,광산구,광주광역시 광산구  신창로86번길 7-9
480,신정7동점,서울특별시,양천구,"서울특별시 양천구  목동남로2길 60-7, 상가동 지층2호 (신정동, 양천중앙하이츠)"
481,신정4동점,서울특별시,양천구,"서울특별시 양천구 오목로 172 지하 101호, 102호 (신정동, 뉴타운아파트)"
482,신정3동점,서울특별시,양천구,"서울특별시 양천구 중앙로43길 14 122동 119호 (신정동, 래미안 목동아델리체)"
483,신정2동점,서울특별시,양천구,서울특별시 양천구  신목로39
484,신월성점,대구광역시,달서구,"대구광역시 달서구 조암남로85,115호 (월성동,DS타워)"
485,신월사파점,경상남도,창원시,경상남도 창원시 의창구  원이대로 687
486,"신월3,5동점",서울특별시,양천구,"서울특별시 양천구 화곡로4길 3, 1001동 101호 (미리내아파트)"
487,"신월2,4동점",서울특별시,양천구,"서울특별시 양천구 신월동 월정로 20-1,1층 3호"
488,신수점,서울특별시,마포구,서울특별시 마포구  토정로18길 11 상가동 102호
489,신성점,대전광역시,유성구,대전광역시 유성구  신성로 66
490,신사1동점,서울특별시,은평구,"서울특별시 은평구  갈현로 39-1, 1층 4호(신사동)"
491,신방화역점,서울특별시,강서구,"서울특별시 강서구  마곡서1로 131,  상가동 1층 101호(마곡동, 마곡엠밸리1단지)"
492,신림동점,서울특별시,관악구,서울특별시 관악구  신림동길 27
493,신둔점,경기도,이천시,경기도 이천시 신둔면 증신로 561
494,신도림점,서울특별시,구로구,서울특별시 구로구  신도림로11길 45
495,신대점,전라남도,순천시,전라남도 순천시 해룡면 매안4길 22
496,신대방1동점,서울특별시,동작구,서울특별시 동작구  대림로 19
497,신당역점,서울특별시,중구,서울특별시 중구  퇴계로87길 22
498,"신당3,4동점",서울특별시,중구,"서울특별시 중구 신당동 다산로32, 2상가 108호"
499,신내1동점,서울특별시,중랑구,서울특별시 중랑구 신내1동 398-4번지
500,신길뉴타운점,서울특별시,영등포구,서울특별시 영등포구 신길동 4937  한화꿈에그린상가 112동 110호
501,신기북정점,경남,양산시,경남 양산시 삼성5길 5-21  (북정동)
502,신곡2동점,경기도,의정부시,"경기도 의정부시  부용로210번길 17, 101호"
503,신곡1동점,경기도,의정부시,"경기도 의정부시  발곡로 31번길 15 (신곡동, 지상1층)"
504,신갈점,경기도,용인시,경기도 용인시 기흥구  구갈로60번길 11
505,시흥월곶점,경기도,시흥시,경기도 시흥시 월곶동 994-1번지 주영프라자 101호
506,시흥신천점,경기도,시흥시,경기도 시흥시  신천3길 41(신천동 378-7)
507,시흥대야점,경기도,시흥시,경기도 시흥시 대야동 475-11번지
508,시흥능곡점,경기도,시흥시,"경기도 시흥시  능곡로 182, 107호"
509,시흥5동점,서울특별시,금천구,서울특별시 금천구  금하로 731-7
510,시흥1동점,서울특별시,금천구,"서울특별시 금천구 금하로14길 10, 1층(시흥동 887-24)"
511,시립대점,서울특별시,동대문구,"서울특별시 동대문구  사가정로 149, 1층"
512,순천풍덕점,전라남도,순천시,"전라남도 순천시  남산로 153,  1층(풍덕동)"
513,순천조례점,순천시,신원큰길,순천시 신원큰길 27(조례동)
514,순천연향점,전라남도,순천시,전라남도  순천시   연향1로 12
515,순천북부점,전라남도,순천시,"전라남도 순천시  업동2길 2, 1층(용당동)"
516,순천남부점,전라남도,순천시,전라남도 순천시  우석로 202
517,순창점,전라북도,순창군,전라북도 순창군 순창읍 장류로 358
518,수택3동점,경기도,구리시,경기도 구리시 수택3동 853번지 럭키아파트상가 108호
519,수택2동점,경기도,구리시,"경기도 구리시  벌말로 185, 117호"
520,수진점, ,,
521,수유2동벽산점,서울특별시,강북구,서울특별시 강북구  삼양로 424
522,수원조원1동점,경기도,수원시,경기도 수원시 장안구  조원로 111번길 31
523,수원정자3동점,경기도,수원시,경기도 수원시 장안구 천천동 481-5 1층
524,수원정자2동점,경기도,수원시,경기도 수원시 장안구 정자2동 46-41번지
525,수원인계점,경기도,수원시,경기도 수원시 팔달구 인계동 1008-24
526,수원율전점,경기도,수원시,"경기도 수원시 장안구 덕영대로425번길41,1층 (율전동)"
527,수원영화점,경기도,수원시,경기도 수원시 장안구  정조로934번길 46
528,수원역점,경기도,수원시,경기도 수원시 팔달구  매산로52번길 8-1
529,수원세류점,경기도,수원시,"경기도 수원시 권선구  덕영대로 1113-10, 1층(세류동)"
530,수원고등점,경기도,수원시,경기도 수원시 팔달구  고등로59번길 63(고등동)
531,수완2호점,광주광역시,광산구,"광주광역시 광산구 신가 1245, 1층"
532,수암신정2호점,울산광역시,남구,"울산광역시 남구  신선로 45, 롯데캐슬중앙상가동 209호"
533,수송미장점,전라북도,군산시,전라북도 군산시 축동로 27 상가동 1층 102호(수송동)
534,수색증산점,서울특별시,은평구,서울특별시 은평구 증산서길 98
535,수락점,서울특별시,노원구,"서울특별시 노원구 동일로 239길 19, 105호"
536,수내점,경기도,성남시분당구,"경기도 성남시분당구  발이봉남로 3번길 4, 1층"
537,수곡모충점,충청북도,청주시,충청북도 청주시 서원구  구룡산로 340
538,송파점,서울특별시,송파구,"서울특별시 송파구  송이로2길 3, 1층 101, 102호 (송파동)"
539,송추점,경기도,양주시,"경기도 양주시 장흥면 가마골로 173, 1층"
540,송촌점,대전광역시,대덕구,대전광역시 대덕구  동춘당로 44번길 20
541,송천에코점,전라북도,전주시덕진구,전라북도 전주시덕진구 송천로 112-42
542,송우리점,경기도,포천시,경기도 포천시 소흘읍 송우로 55-5
543,송림송현점,인천광역시,동구,인천광역시 동구  새천년로 32
544,송도신도시점,인천광역시,연수구,인천광역시 연수구  컨벤시아대로 50
545,송도5동점,인천광역시,연수구,"인천광역시  연수구   센트럴로 415,  판매시설동 1층 190호(송도동, 힐스테이트 송도 더테라스)"
546,송도3동점,인천광역시,연수구,인천광역시 연수구 송도동 190-2 글로벌캠퍼스푸르지오상가 202동 131호
547,송내북부역점,경기도,부천시,"경기도 부천시 석천로54, 1층 (상동, 대동빌딩)"
548,송내2동점,경기도,부천시,경기도 부천시 소사구 성주로 96  1층 102호 (송내동)
549,속초조양점,강원도,속초시,"강원도 속초시  조양상가길 2, 110호"
550,속초교동점,강원도,속초시,강원도 속초시 교동 교동로 113번지
551,소하2동점,경기도,광명시,경기도 광명시  성채로 50번길 33
552,소하1동점,경기도,광명시,경기도 광명시 소하1동 1324번지 주공아파트 상가 (후문)
553,소촌우산점,광주광역시,광산구,광주광역시 광산구  사암로106번길 57
554,소사점,경기도,부천시,경기도 부천시 소사구 소사본3동 400-7 청구@ 상가 101호
555,소사벌점,경기도,평택시,경기도 평택시  비전6길 2-14
556,세종한솔새롬점,세종특별자치시,새롬중앙로,"세종특별자치시   새롬중앙로 34 , 118A(새롬동, 크리스마스빌딩)"
557,세종종촌점,세종특별자치시,도움1로,"세종특별자치시   도움1로 74,  상가동 105호"
558,세종소담점,세종특별자치시,국책연구원1로,"세종특별자치시 국책연구원1로 15 상가에이동 106, 107호(소담동, 새샘마을9단지)"
559,세종도담점,세종특별자치시,보듬3로,"세종특별자치시   보듬3로 6,1층 107호(도담동,라온프라이빗시티Ⅱ)"
560,세종다정점,세종특별자치시,다정서로,"세종특별자치시 다정서로 60,(다정동,가온마을5단지) 상가1동 102호"
561,세종고운점,세종특별자치시,마음로,"세종특별자치시   마음로 151, 가락마을 9단지 상가 102호"
562,세마역점,경기도,오산시,"경기도 오산시  수목원로 602,  1층 109호, 110호(세교동)"
563,세교통복점,경기도,평택시,경기도 평택시  통복시장로 54번길 16-7
564,세교1호점,경기도,오산시대호로,"경기도   오산시대호로 131, 1층 107호(궐동, 대유프라자)"
565,성현점,서울특별시,관악구,서울특별시 관악구 봉천동 466-76
566,성연테크노벨리점,충청남도,서산시,"충청남도 서산시 성연면 충의로 696, 102호"
567,성신여대점,서울특별시,성북구,서울특별시 성북구 동선2가 145번지
568,성수1호점,서울특별시,성동구,서울특별시 성동구 상원1길 26 1층 108-2호 (성수동1가)
569,성서계명대점,대구광역시,달서구,대구광역시 달서구  서당로9안길 5
570,성산점,제주특별자치도,서귀포시,"제주특별자치도 서귀포시 성산읍 해맞이해안로 2660, 1층"
571,성산2동점,서울특별시,마포구,서울특별시 마포구  성암로7길 25
572,성사점,경기도,고양시,경기도 고양시 덕양구 성사동 702-9
573,성당본리점,대구광역시,달서구,"대구광역시 달서구  대명천로 96,  1층 굽네치킨"
574,성내3동점,서울특별시,강동구,서울특별시 강동구 성내동 433-14 1층
575,성내2동점,서울특별시,강동구,"서울특별시 강동구 성내동 25-1번지 이안A상가 110,111호"
576,성남동점,경기도,성남시,"경기도 성남시 중원구  산성대로 200, 2층 201호(성남동, 황제빌딩)"
577,성건중부점,경상북도,경주시,경상북도 경주시  북성로 98
578,선부3동점,경기도,안산시,경기도 안산시 단원구  선부3동 1116-14번지
579,선부1동점,경기도,안산시,경기도 안산시 단원구 달미로 96-1 101호 (선부동)
580,석촌점,서울특별시,송파구,서울특별시 송파구  송파대로45길 16
581,석수2동점,경기도,안양시,경기도 안양시 만안구  안양로 532번길 27
582,석관점,서울특별시,성북구,"서울특별시 성북구  돌곶이로 21, 1층"
583,서현점,경기도,성남시,"경기도 성남시 분당구  황새울로360번길 26, 2층 203호(서현동, 삼보프라자)"
584,서판교점,경기도,성남시,"경기도 성남시 분당구  운중로 178번길 1, 107호"
585,서충주신도시점,충청북도,충주시,"충청북도 충주시 대소원면 첨단산업4로 31, 1층"
586,서초3동점,서울특별시,서초구,서울특별시 서초구   반포대로22길 79-5
587,서초2동점,서울특별시,서초구,서울특별시 서초구  서운로 79
588,서초1동점,서울특별시,서초구,"서울특별시 서초구  사임당로 105, 일석상가 105호, 106호"
589,서천점,충청남도,서천군,충청남도 서천군 서천읍 사곡리 304-68
590,서창지구점,인천광역시,남동구,인천광역시 남동구 서창남순환로215번길 48 118호
591,서울대방점,서울특별시,동작구,서울특별시 동작구  대방동23길 42
592,서산예천점,충청남도,서산시,"충청남도  서산시   석남3로 7, 1층(석남동)"
593,서산동문점,충청남도,서산시,"충청남도 서산시  율지 19길 47-10, 1층"
594,서산대산점,충청남도,서산시,"충청남도 서산시 대산읍 충의로 1908, 1층"
595,서부전하점,울산광역시,동구,울산광역시 동구 봉수로 290 상가동 제비201호(e편한세상전하)
596,서부신시가지점,전라북도,전주시,전라북도 전주시 완산구  후곡길 23-11
597,서림점,서울특별시,관악구,서울특별시 관악구 신림동 96-60 한강뉴스타
598,서둔탑동점,경기도,수원시,경기도 수원시 권선구 탑동로 18 1층
599,서대문연희점,서울특별시,서대문구,"서울특별시 서대문구  연희로 170, 1층"
600,서교점,서울특별시,마포구,"서울특별시 마포구 잔다리로 74, 1층"
601,서곡지구점,전라북도,전주시,전라북도 전주시 완산구  서곡1길 1-4 1층
602,서강점,서울특별시,마포구,"서울특별시 마포구  독막로22길 28,1층"
603,새솔동점,경기도,화성시,"경기도 화성시  수노을1로191,4동 102호"
604,상주냉림무양점,경상북도,상주시,경상북도 상주시  냉림2길 31-3
605,상일점,서울특별시,강동구,서울특별시 강동구 상일동 237번지
606,상왕십리역점,서울특별시,성동구,"서울특별시 성동구  왕십리로 410, 센트라스 상가 L동"
607,상암점,서울특별시,마포구,서울특별시 마포구 상암동 30-1번지 형제빌딩 103호
608,상무2호점,광주광역시,서구,광주광역시 서구  화정로85번길 30-1
609,상동하당점,전라남도,목포시,전라남도 목포시  상리로15번길 15
610,상동점,경기도,부천시,"경기도 부천시  소향로 37번길 19, 1층 122, 123호"
611,상도1호점,서울특별시,동작구,서울특별시 동작구 상도동 436
612,상대원점,경기도,성남시,경기도 성남시 중원구  희망로 324
613,상계보람점,서울특별시,노원구,서울특별시 노원구  노원로34길 66 1층(상계동)
614,"상계6,7동점",서울특별시,노원구,서울특별시 노원구 상계동 728-3 주공6단지 상가 101호
615,상.중동점,대구광역시,수성구,대구광역시 수성구  상화로66
616,삼학자유점,전라남도,목포시,전라남도 목포시  둥근섬로 48-1
617,삼천포점,경상남도,사천시,경상남도 사천시 벌리동 420-8번지
618,삼척점,강원도,삼척시,강원도 삼척시 대학로 40
619,삼전점,서울특별시,송파구,"서울특별시 송파구  백제고분로21길 20, 1층 102호"
620,삼송1호점,경기도,고양시,"경기도 고양시 덕양구  동산1로1길 23-23,  102호(동산동)"
621,삼성2동점,서울특별시,강남구,"서울특별시 강남구  삼성로103길 12, 123"
622,삼산2동점,인천광역시,부평구,인천광역시 부평구 삼산동 453-1번지
623,삼산1동점,인천광역시,부평구,인천광역시 부평구 평천로 389
624,산북소룡점,전라북도,군산시,"전라북도 군산시  원산북2길 37, 좌측 1호(산북동)"
625,산본1동점,경기도,군포시,"경기도 군포시 군포로745번길 45, 1층"
626,산남성화점,충청북도,청주시,"충청북도 청주시 서원구  두꺼비로27번길 5-11, 102호"
627,산곡4동점,인천광역시,부평구,"인천광역시 부평구  원길로11번길 33, 1층"
628,산곡2동점,인천광역시,부평구,"인천광역시 부평구  화랑북로11번길 38, 1층"
629,사창사직2점,충청북도,청주시,충청북도 청주시 서원구  창신로25번길 15 102호(사창동)
630,사동계양점,경상북도,경산시,경상북도 경산시 장산로 257 1층 (사동)
631,사당2동점,서울특별시,동작구,"서울특별시 동작구  동작대로35길 46,  이수푸르지오 더 프레티움 근린생활시설 단지 내 상가 105호(사당동)"
632,사당1동점,서울특별시,동작구,서울특별시 동작구 사당동 1038-12
633,사2동점,경기도,안산시,"경기도 안산시 상록구  감골로 33, 101호"
634,비전2동점,경기도,평택시,경기도 평택시 비전2동 272-7
635,비래가양점,대전광역시,동구,대전광역시 동구 흥룡로 79(가양동)
636,불현점,경기도,동두천시,"경기도 동두천시  평화로 2328, 가운데칸"
637,불로동점,인천광역시,서구,인천광역시 서구 불로동 308번지
638,불광1동점,서울특별시,은평,"서울특별시 은평   불광로 114, 1층(불광동)"
639,분당동점,경기도,성남시,경기도 성남시 분당구 분당동 96번지
640,북아현점,서울특별시,서대문구,"서울특별시 서대문구  북아현로1길 50 ,상가동 106호"
641,북변사우점,경기도,김포시,경기도 김포시 사우동 1066번지
642,북가좌1호점,서울특별시,서대문구,서울특별시 서대문구  증가로 220-1
643,부흥달안점,경기도,안양시,"경기도 안양시 동안구  동안로 194, 1층 117호"
644,부평역점,인천광역시,부평구,"인천광역시 부평구  부평문화로 107-3, 1층"
645,부평4동점,인천광역시,부평구,"인천광역시 부평구  주부토로 109, 1층(일부호)"
646,부천원종2동점,경기도,부천시,경기도 부천시 오정구 원종동 224-8번지
647,부천원미점,경기도,부천시,경기도 부천시 원미로 137
648,부천남부역점,경기도,부천시,"경기도  부천시  성주로 245, 102호(심곡본동, LG아트빌)"
649,부여점,충청남도,부여군,충청남도 부여군 부여읍 중앙로5번길 24-10
650,부안읍점,전라북도,부안군,전라북도 부안군 부안읍 학동길 21-1
651,부산화명점,부산광역시,북구,부산광역시 북구 화명3동 2287-1 리버사이드빌딩 107-1호
652,부산학장점,부산광역시,사상구,부산광역시 사상구  대동로 147-3
653,부산하단점,부산광역시,사하구,부산광역시 사하구 하신번영로 304 (하단2동)
654,부산토곡점,부산광역시,연제구,부산광역시 연제구  과정로 132번길 50
655,부산초읍점,부산광역시,부산진구,부산광역시 부산진구  성지로 104번길 46
656,부산초량점,부산광역시,동구,부산광역시 동구  초량로 59
657,부산청학점,부산광역시,영도구,부산광역시 영도구 청학동 신도브래뉴 상가 112호
658,부산지사점,부산광역시,강서구,"부산광역시 강서구  과학산단로 334번 나길 21,  1층"
659,부산주례점,부산광역시,사상구,부산광역시 사상구  양지로 8번길 45-15
660,부산주례2호점,부산광역시,사상구,부산광역시 사상구 주례동 80-29번지 1층
661,부산좌동점,부산광역시,해운대구,부산광역시 해운대구  좌동순환로 275
662,부산전포점,부산광역시,부산진구,부산광역시 부산진구  중앙대로802 1층 104호 (전포동)
663,부산재송점,부산광역시,해운대구,부산광역시 해운대구  해운대로143번길 51
664,부산장전점,부산광역시,금정구,부산광역시 금정구  장전온천천로 73번길 6
665,부산장림점,부산광역시,사하구,부산광역시 사하구  다대로320번길 25
666,부산우동점,부산광역시,해운대구,부산광역시 해운대구  우동1로 45
667,부산우2동점,부산광역시,해운대구,"부산광역시 해운대구  해운대로 361, 103호"
668,부산온천점,부산광역시,동래구,부산광역시 동래구  중앙대로 1335번길 21
669,부산엄궁점,부산광역시,사상구,부산광역시 사상구  엄궁북로 4번길 7
670,부산양정점,부산광역시,부산진구,"부산광역시 부산진구 동평로406번길 33, 1층(양정동)"
671,부산안락점,부산광역시,동래구,부산광역시 동래구  충렬대로 457번길 21
672,부산수정점,부산광역시,동구,부산광역시 동구  홍곡로 74
673,부산수영점,부산광역시,수영구,"부산광역시 수영구  수영로741번길 46,  218동 104호(수영동, 수영협성르네상스타운)"
674,부산수민점,부산광역시,동래구,부산광역시 동래구 수안동 34-1번지 새동래상가 6동 104호
675,부산송도점,부산광역시,서구,부산광역시 서구  암남공원로 27
676,부산서동점,부산광역시,금정구,부산광역시 금정구 서곡로 34
677,부산사직점,부산광역시,동래구,부산광역시 동래구 사직1동 47-23번지
678,부산부전점,부산광역시,부산진구,"부산광역시 부산진구  새싹로 37, 1층 101호(부전동)"
679,부산부암점,부산광역시,부산진구,부산광역시  부산진구   백양순환로 137-1
680,부산부곡점,부산광역시,금정구,부산광역시 금정구  중앙대로1706번길 15
681,부산부곡2호점,부산광역시,금정구,부산광역시 금정구  서동로36 (부곡동)
682,부산범천점,부산광역시,부산진구,부산광역시 부산진구 범일로192번길54
683,부산범일점,부산광역시,동구,"부산광역시 동구  중앙대로 514, 1동 1층 103호"
684,부산반여점,부산광역시,해운대구,부산광역시 해운대구  선수촌로 162-1
685,부산반여2호점,부산광역시,해운대구,부산광역시 해운대구  재반로 242번길 29-70
686,부산반송점,부산광역시,해운대구,"부산광역시 해운대구  윗반송로31번길 113-11,1층 (반송동)"
687,부산문현점,부산광역시,남구,부산광역시 남구 문현1동 13-63번지
688,부산명지점,부산광역시,강서구,부산광역시 강서구  명지오션시티4로 90 102호 (명지동)
689,부산명륜점,부산광역시,동래구,"부산광역시 동래구  명륜로 206 , 1층"
690,부산망미점,부산광역시,수영구,부산광역시 수영구 과정로41번길 45 (부산광역시 수영구 망미동 445-2)
691,부산만덕점,부산광역시,북구,"부산광역시 북구  만덕2로44번길72, 106동 106호"
692,부산동삼점,부산광역시,영도구,부산광역시 영도구  동삼로 79
693,부산덕포점,부산광역시,사상구,부산광역시 사상구  삼덕로 72-1
694,부산덕천점,부산광역시,북구,부산광역시 북구 덕천1동 408-18번지
695,부산대연점,부산광역시,남구,부산광역시 남구  못골로41번길 13
696,부산대신점,부산광역시,서구,부산광역시 서구 서대신동3가 279-14번지 2통 4반
697,부산당리점,부산광역시,사하구,부산광역시 사하구  다대로 4
698,부산당감점,부산광역시,부산진구,부산광역시 부산진구  당감서로 118-1
699,부산다대점,부산광역시,사하구,부산광역시 사하구 다대1동 933-12번지
700,부산남항점,부산광역시,영도구,부산광역시  영도구   절영로93번길 25-1
701,부산남천점,부산광역시,수영구,"부산광역시 수영구 (남천동) 수영로408번길 65, 상가동 2호"
702,부산남산점,부산광역시,금정구,부산광역시 금정구  남산로37번길 60
703,부산낙민점,부산광역시,동래구,"부산광역시 동래구 안남로 69, 1층"
704,부산기장점,부산광역시,기장군,부산광역시 기장군 기장읍 차성동로 161
705,부산금곡점,부산광역시,북구,부산광역시 북구  효열로 207(금곡동)
706,부산구포점,부산광역시,북구,부산광역시 북구  시랑로7번길 4
707,부산구서점,부산광역시,금정구,부산광역시 금정구 구서2동 184-23번지
708,부산괴정점,부산광역시,사하구,부산광역시 사하구 괴정동 929번지
709,부산괴정2호점,부산광역시,사하구,부산광역시 사하구  사리로 42
710,부산거제점,부산광역시,연제구,"부산광역시 연제구 중앙대로 1167, 105호"
711,부산개금점,부산광역시,부산진구,부산광역시 부산진구 개금3동 470-8번지
712,부산감천점,부산광역시,사하구,부산광역시 사하구  감천로 69
713,부산감전점,부산광역시,사상구,"부산광역시 사상구  괘감로 108-1, 1층"
714,부산감만점,부산광역시,남구,부산광역시 남구  우암로 79번길 1
715,부산가야점,부산광역시,부산진구,부산광역시 부산진구  가야대로 552번길 135
716,부개2동점,인천광역시,부평구,인천광역시 부평구 부개동 124-51번지
717,봉일천점,경기도,파주시,경기도 파주시 조리읍 봉일천리 142-3번지
718,봉동점,전라북도,완주군,전라북도 완주군 봉동읍 완주산단8로 24
719,봉담1호점,경기도,화성시,"경기도 화성시 봉담읍 상봉길 31, 지맨프라자 120호,124호"
720,본오2동점,경기도,안산시,경기도 안산시 상록구  본오로9길 6
721,본동월성2동점,대구광역시,달서구,"대구광역시 달서구 와룡로5길11,1층(본동)"
722,복대개신점,충청북도,청주시,"충청북도 청주시 흥덕구  풍산로147번길 1, 1층 103호"
723,보성읍점,전라남도,보성군,전라남도 보성군 보성읍 중앙로96-1
724,보령동대점,충청남도,보령시,충청남도 보령시 동대동 476-4번지
725,보라매점,서울특별시,관악구,"서울특별시 관악구  보라매로3길 3 , 1,2층"
726,병점2동점,경기도,화성시,"경기도 화성시  병점2로 65,  107호(병점동, 우남프라자)"
727,별내2호점,경기도,남양주시,경기도 남양주시 별내3로 249 상가동 107호 (별내동)
728,별내1호점,경기도,남양주시,경기도 남양주시  별내3로92
729,"범어1,2,3동점",대구광역시,수성구,대구광역시 수성구  상록로 45 (1층 범어동)
730,번동점,서울특별시,강북구,"서울특별시 강북구 번동 덕릉로126, 우일빌딩 1층"
731,백석1동점,경기도,고양시,"경기도 고양시 일산동구  강석로 33, 104호(백석동, 대우IAAN)"
732,배방점,충청남도,아산시,충청남도 아산시 배방읍 모산로 136
733,배곧캠퍼스점,경기도,시흥시,경기도 시흥시 서울대학로264번길 26-32 1층 107호 (배곧동)
734,배곧신도시점,경기도,시흥시,경기도 시흥시  배곧4로30 배곧타운116호
735,방화역점,서울특별시,강서구,서울특별시 강서구 방화동 830-1 에어뷰오피스텔2 101호
736,방학1동점,서울특별시,도봉구,"서울특별시 도봉구  방학로 2길 77, 1층"
737,방이점,서울특별시,송파구,서울특별시 송파구  가락로 267
738,방배4동점,서울특별시,서초구,"서울특별시 서초구  방배로32길 8, 1층 (조일빌딩)"
739,방배2동점,서울특별시,서초구,"서울특별시 서초구  방배천로 16길 11-18 , 1층"
740,방림양림점,광주광역시,남구,"광주광역시 남구  용대로 183번길 20, 1층"
741,반포1동점,서울특별시,서초구,서울특별시 서초구 반포1동 745 금성빌딩 1층
742,반월점,경기도,화성시,"경기도 화성시   효행로1265번길 17,  101호(반월동)"
743,민락점,경기도,의정부시,경기도 의정부시 민락로 195 1층 140호 (민락동)
744,민락광안1동점,부산광역시,수영구,부산광역시 수영구 민락동 167-1번지
745,민락2지구점,경기도,의정부시,경기도 의정부시  용민로 249 골든타워 101호
746,미아1호점,서울특별시,강북구,"서울특별시 강북구  삼양로24길 19 102동 1층 103호 (미아동, 현대성우아파트)"
747,미성점,서울특별시,관악구,서울특별시 관악구  난우길43
748,미사수변점,경기도,하남시,"경기도 하남시  미사강변중앙로 111번길 26, 1층"
749,미사1호점,경기도,하남시,경기도 하남시  미사강변북로30번길 106 1층 (망월동)
750,미금점,경기도,성남시,경기도 성남시 분당구 미금일로74번길 5 1층 (구미동)
751,문화신풍점,전라북도,군산시,전라북도 군산시 대학로 120-1
752,문정점,서울특별시,송파구,서울특별시 송파구  동남로6길 41-10
753,문산점,경기도,파주시,경기도 파주시 문산읍 독산로 31-1
754,문막점,강원도,원주시,강원도 원주시 문막읍 왕건로 37
755,문래점,서울특별시,영등포구,서울특별시 영등포구 선유로3길 10
756,문경새재점,경상북도,문경시,경상북도 문경시 문경읍 주흘1길 25
757,무주구천동점,전라북도,무주군,전라북도 무주군 설천면 구천동로 1050
758,무전북신점,경상남도,통영시,경상남도 통영시  여황로 399-4
759,무안읍점,전라남도,무안군,"전라남도 무안군 무안읍 불무로20,1층"
760,무안남악점,전라남도,무안군,전라남도 무안군 남악4로 50 111호 (골든스위트)
761,무실점,강원도,원주시,"강원도 원주시  만대공원길 50, 111호"
762,목포이로점,전라남도,목포시,"전라남도 목포시  삼학로 331, 금호상가102호"
763,목포용해점,전라남도,목포시,전라남도 목포시  포미로10번길 8
764,목포연산북항점,전라남도,목포시,전라남도 목포시 산정동 1766-9
765,목천읍점,충청남도,천안시,충청남도 천안시 동남구 목천읍 신계리 422번지 동우상가 120호
766,목감점,경기도,시흥시,"경기도 시흥시  목감우회로 39, 118호"
767,목4동점,서울특별시,양천구,"서울특별시 양천구 목동중앙남로12,1층 (목동)"
768,명지국제신도시점,부산광역시,강서구,부산광역시 강서구 명지동 3412-2 정우빌딩 2차 1층 114호
769,명일점,서울특별시,강동구,서울특별시 강동구 명일동 342-1번지 105호
770,면목점,서울특별시,중랑구,서울특별시 중랑구 면목동 657-54
771,면목본동점,서울특별시,중랑구,서울특별시 중랑구 면목본동 412-1
772,매탄3동점,경기도,수원시,경기도 수원시 영통구  인계로270번길 11-3
773,매탄1동점,경기도,수원시,경기도 수원시 영통구  매여울로 49
774,매곡오치점,광주광역시,북구,"광주광역시 북구  매곡로 76, 1층(매곡동)"
775,망포점,경기도,수원시,"경기도 수원시 영통구  영통로 127, 102호"
776,망원1동점,서울특별시,마포구,"서울특별시 마포구  희우정로77, 상가동 102호"
777,망우본동점,서울특별시,중랑구,"서울특별시 중랑구  용마산로 118길 63, 1층"
778,만수2호점,인천광역시,남동구,인천광역시 남동구  만수서로21번길 4
779,만수1호점,인천광역시,남동구,"인천광역시 남동구  장승로 14, 창대아트빌"
780,마포도화점,서울특별시,마포구,"서울특별시 마포구  도화4길 23,  1층 102호(도화동)"
781,마석점,경기도,남양주시,경기도 남양주시 화도읍 마석우리 357-7
782,마산회원점,경상남도,창원시,"경상남도 창원시 마산회원구 회원동서로 10  1층 101호 (회원동, 중앙캐스빌)"
783,마산점,경기도,김포시,경기도 김포시  김포한강 8로 162번길 10 (마산동)
784,마산월영점,경상남도,창원시,경상남도 창원시 마산합포 월영동 610-1
785,마산양덕점,경상남도,창원시,경상남도 창원시 마산회원구  양덕로 140
786,마산삼계점,경상남도,창원시,경상남도  창원시 마산회원 내서읍 삼계로 56
787,마산산호점,경상남도,창원시,경상남도 창원시 마산합포구  용마로 90 1층 104호
788,마산내서점,경상남도,창원시,경상남도 창원시 마산회원 내서읍 중리 337-1번지
789,마산구암점,경상남도,창원시,경상남도 창원시 마산회원  구암북1길 124
790,마두점,경기도,고양시,"경기도 고양시 일산동구  강송로 181,  117호, 118호(마두동)"
791,마곡나루역점,서울특별시,강서구,"서울특별시 강서구 마곡서로 133 714동 101호(마곡동, 마곡엠밸리7단지)"
792,마곡1호점,서울특별시,강서구,"서울특별시 강서구  공항대로 140, 1205동 102-2호(마곡동, 마곡"
793,등촌3동점,서울특별시,강서구,"서울특별시  강서구  강서로56길 64,  1층 108, 109호(등촌동, 마곡루나플라체)"
794,등촌2동점,서울특별시,강서구,서울특별시 강서구  등촌로53길 13
795,둔촌2동점,서울특별시,강동구,서울특별시 강동구  천호대로 198길 12 (둔촌동)
796,둔산갤러리아점,대전광역시,서구,"대전광역시 서구 둔산동 1088번지 1층 104, 105호"
797,둔내점,강원도,횡성군,강원도 횡성군 둔내면 고원로 433
798,동해북삼점,강원도,동해시,강원도 동해시 동회동  66-4 동보상가 나동 4호
799,동판교점,경기도,성남시,경기도 성남시 분당구 삼평동 738번지  봇들마을 상가 에이동 105호
800,동탄영천점,경기도,화성시,경기도 화성시  지산2길 26
801,동탄역점,경기도,화성시,"경기도  화성시  동탄광역환승로 63,  동탄역 반도유보라 아이비파크 106동 115호"
802,동탄목동점,경기도,화성시,"경기도 화성시  왕배산1길15,1층 전부호(목동)"
803,동탄8동점,경기도,화성시,"경기도 화성시  동탄대로4길 17,  지1층 112호(장지동, 금호어울림레이크)"
804,동탄3동점,경기도,화성시,"경기도 화성시  동탄원천로 289-10, 가상가동 101호 (능동, 동탄능동마을주공아파트)"
805,동탄1동점,경기도,화성시,경기도 화성시 반송동 24-3
806,동춘점,인천광역시,연수구,"인천광역시 연수구  봉재산로 36번안길 22,1층"
807,동천용강점,경상북도,경주시,"경상북도 경주시  동천로 39,1층 (동천동)"
808,동암점,인천광역시,부평구,인천광역시 부평구 십정동 487-2번지
809,동송점,강원도,철원군,"강원도 철원군 동송읍 금학로 205, 1층"
810,동서오동점,경상남도,창원시마산합포구,경상남도 창원시마산합포구  불종거리로 60
811,동삭센트럴점,경기도,평택시,"경기도 평택시  상서재로5길 15, 1층 118호 (동삭동, 상가)"
812,동백점,경기도,용인시,"경기도 용인시 기흥구  동백3로 11번길 33, 106호"
813,동대문역점,서울특별시,종로구,"서울특별시 종로구  종로 326, 1층(창신동)"
814,동광오거리점,강원도,춘천시,"강원도 춘천시  삭주로 206-1, 1층(후평동)"
815,독산3동점,서울특별시,금천구,"서울특별시 금천구 독산3동 문성로 4, 제비1호"
816,독산1동점,서울특별시,금천구,"서울특별시 금천구 벚꽃로 40, 114동 128호"
817,독립문점,서울특별시,서대문구,"서울특별시 서대문구  독립문로 16, 1층(영천동)"
818,"도화2,3동점",인천광역시,미추홀구,인천광역시 미추홀구  송림로251 창조프라자105호
819,도안가수원점,대전광역시,서구,"대전광역시 서구  원도안로 100, 101호"
820,도림점,서울특별시,영등포구,서울특별시 영등포구 도림동 144-73번지
821,도련봉개점,제주특별자치도,제주시,"제주특별자치도 제주시  삼봉로 115,  상가동 104호(도련일동, 미듬하나로맨션)"
822,도남점,제주특별자치도,제주시,제주특별자치도 제주시  신성로 70(도남동)
823,도곡2동점,서울특별시,강남구,"서울특별시 강남구 논현로34길20,1층 101호(도곡동)"
824,덕진금암점,전라북도,전주시덕진구,전라북도 전주시덕진구  조경단로 59
825,덕정점,경기도,양주시,경기도 양주시  고암길 154-12
826,대화점,경기도,고양시,경기도 고양시 일산서구  강성로214번길 16-10
827,대학동점,서울특별시,관악구,"서울특별시 관악구  호암로22길 37, 1층(신림동)"
828,대치2동점,서울특별시,강남구,서울특별시 강남구 대치2동 990-3
829,"대치1,4동점",서울특별시,강남구,"서울특별시 강남구  삼성로 229, 104호"
830,대천해수욕장점,충청남도,보령시,"충청남도 보령시  해수욕장6길 124, 102호"
831,대조점,서울특별시,은평구,"서울특별시  은평구 대조동 역말로 145, 1층(대조동)"
832,대전학하지구점,대전광역시,유성구,"대전광역시 유성구  학하서로121번길163, 101호"
833,대전태평점,대전광역시,중구,대전광역시 중구 태평동 330-20번지
834,대전탄방점,대전광역시,서구,"대전광역시 서구 문정로122번길 14, 1층(탄방동 859)"
835,대전전민점,대전광역시,유성구,"대전광역시 유성구 전민로38번길 50, 1층"
836,대전월평1호점,대전광역시,서구,대전광역시 서구 월평동 670
837,대전우송대점,대전광역시,동구,"대전광역시 동구  동대전로131번길14, 1층 (자양동)"
838,대전송강테크노점,대전광영시,유성구,"대전광영시 유성구 테크노3로 77, 1층 101호"
839,대전상대점,대전광역시,유성구,"대전광역시 유성구  상대동로2번길 67-6, 1층"
840,대전법동점,대전광역시,대덕구,대전광역시 대덕구  계족산로17번길 93
841,대전반석점,대전광역시,유성구,대전광역시 유성구 반석동 624-2
842,대전문화점,대전광역시,중구,"대전광역시 중구 천근로 20, 1층 (문화동)"
843,대전만년점,대전광역시,서구,대전광역시 서구  만년남로 3번길 8-12
844,대전둔산1호점,대전광역시,서구,대전광역시 서구  문정로 170번길 157
845,대전도마점,대전광역시,서구,대전광역시 서구  도솔4길 37 1층
846,대전노은점,대전광역시,유성구,"대전광역시 유성구  은구비서로 17, 1층"
847,대전괴정점,대전광역시,서구,대전광역시 서구  가장로 32
848,대전관저점,대전광역시,서구,대전광역시 서구  관저동로99번길5 (관저동)
849,대전갈마2동점,대전광역시,서구,"대전광역시 서구  대덕대로 115, 1층"
850,대전가오점,대전광역시,동구,대전광역시 동구 가오동 461번지
851,대연2호점,부산광역시,남구,부산광역시 남구  용소로40번길 19(대연동)
852,대성죽교점,전라남도,목포시,전라남도 목포시  양을로 1-2
853,대부도점,경기도,안산시,경기도 안산시 단원구 대부북동 뻐꾹산길 126-11
854,대명1호점,대구광역시,남구,대구광역시 남구  대명로 20길 22-2
855,대림1동점,서울특별시,영등포구,서울특별시 영등포구  디지털로 77길 2-6
856,대구황금점,대구광역시,수성구,대구광역시 수성구 청수로31길 2 1층 (황금동)
857,대구화원점,대구광역시,달성군,대구광역시 달성군 화원읍  천내리 118번지 창신맨션 상가 1동 2호
858,대구혁신점,대구광역시,동구,"대구광역시 동구  이노밸리로 46길 1,  1층 102호"
859,대구평리1호점,대구광역시,서구,대구광역시 서구 문화로 272(1층 평리동)
860,대구태전점,대구광역시,북구,대구광역시 북구  칠곡중앙대로53길 10
861,대구침산점,대구광역시,북구,대구광역시 북구  침산남로 19길 6
862,대구진천점,대구광역시,달서구,"대구광역시 달서구  상화로 9길 9,1층"
863,대구지산점,대구광역시,수성구,대구광역시 수성구 용학로 250
864,대구이곡점,대구광역시,달서구,대구광역시 달서구  선원남로 74 1층
865,대구읍내점,대구광역시,북구,"대구광역시 북구  칠곡중앙대로118길 14, 1층 102호(읍내동)"
866,대구율하점,대구광역시,동구,대구광역시 동구  율하동로 25길 2 (신기동)
867,대구용산점,대구광역시,달서구,대구광역시 달서구 용산동 용산로 186-7  1층
868,대구연경점,대구광역시,동구,대구광역시 동구 동화천로372 104호(지묘동)
869,대구신천점,대구광역시,동구,대구광역시 동구 신천3동 183-1번지
870,대구신암점,대구광역시,동구,"대구광역시 동구  동대구로 577,  303동 105호(신암동, 이안센트럴D)"
871,대구신매점,대구광역시,수성구,대구광역시 수성구  고산로4안길 33-14
872,대구수성점,대구광역시,수성구,대구광역시 수성구 수성로271
873,대구상인1호점,대구광역시,달서구,대구광역시 달서구  상인로100-1
874,대구산격점,대구광역시,북구,"대구광역시 북구  동북로131,상가 106동 101호(양우내안애 아파트)"
875,대구봉덕점,대구광역시,남구,대구광역시 남구  중앙대로22길 155
876,대구복현점,대구광역시,북구,대구광역시 북구 복현동 249-8
877,대구범어4만촌3점,대구광역시,수성구,대구광역시 수성구  범어로18길 56
878,대구방촌점,대구광역시,동구,대구광역시 동구  방촌동 1058 아람타운 101호
879,대구반야월점,대구광역시,동구,"대구광역시 동구  반야월북로 220 1층 101, 102호 (각산동)"
880,대구메트로점,대구광역시,수성구,대구광역시 수성구 만촌동 962-15
881,대구매호점,대구광역시,수성구,"대구광역시 수성구 달구벌대로637길 22-3 101동 1층 점포2호 (매호동, 매호리첸시아아파트)"
882,대구두류점,대구광역시,달서구,대구광역시 달서구  두류공원로 261-1 1층
883,대구동천점,대구광역시,북구,"대구광역시 북구  팔거천동로 34길 16, 1층"
884,대구대현점,대구광역시,북구,대구광역시 북구  대현로 106
885,대구대봉점,대구광역시,중구,"대구광역시 중구  대봉로 268, 1층"
886,대구대곡점,대구광역시,달서구,대구광역시 달서구 갈밭로50 103호(대곡동)
887,대구다사점,대구광역시,달성군,대구광역시 달성군 다사읍 대실역북로 78
888,대구구지점,대구광역시,달성군,"대구광역시 달성군  구지면 국가산단대로 68길 21, 1층 굽네치킨"
889,대구구암점,대구광역시,북구,"대구광역시 북구  구암로49길 13 , 1층"
890,대구교대점,대구광역시,남구,"대구광역시 남구  중앙대로 199, 1층"
891,대구관음점,대구광역시,북구,대구광역시 북구 관음동 600-2번지
892,대광점,경기도,연천군,경기도 연천군 신서면 도신리 290-20
893,당하점,인천광역시,서구,"인천광역시 서구 마전동 1054-6, 103호"
894,당진신평점,충청남도,당진시,충청남도 당진시  거산3거리길 70
895,당진송악점,충청남도,당진시,충청남도 당진시 송악읍 가학리 632-8 대림e-편한세상 상가 206호
896,당산2동점,서울특별시,영등포구,서울특별시 영등포구  국회대로29길 16
897,답십리1동점,서울특별시,동대문구,"서울특별시 동대문구  전농로 57, 1층"
898,담양점,전라남도,담양군,"전라남도 담양군 담양읍 미리산길 46 상가동 103호, 104호(담양백동엘에이치2단지)"
899,단계점,강원도,원주시,강원도 원주시  봉화로 48 1층
900,다산신도시1호점,경기도,남양주시,"경기도 남양주시  다산중앙로20번길 10-18,  102호(다산동)"
901,다산도농점,경기도,남양주시,"경기도 남양주시  도농로중촌2길 26-21, 1층(다산동)"
902,다대2동점,부산광역시,사하구,"부산광역시 사하구  다대로429번길 12,  상가동 119호(다대동, 삼환아파트)"
903,능곡점,경기도,고양시,경기도 고양시 덕양구  지도로 35번길 12-22
904,농소2호점,울산광역시,북구,울산광역시 북구  천곡길 191
905,논현고잔1호점,인천광역시,남동구,"인천광역시 남동구  논고개로136번길 12, 1층"
906,논현1동점,서울특별시,강남구,"서울특별시 강남구  학동로6길 3, 1층(논현동)"
907,녹번점,서울특별시,은평구,"서울특별시 은평구  서오릉로 6,  1층 102호(녹번동, 거장카운티)"
908,내포신도시1호점,충청남도,홍성군,"충청남도 홍성군 홍북면 상하천로 31, 117호"
909,내수점,충청북도,청주시,"충청북도 청주시 청원구 내수읍 청암로 37,104호"
910,내손포일점,경기도,의왕시,경기도 의왕시  봇들로 60 102호 굽네치킨 내손포일점 (포일동)	
911,내방농성점,광주광역시,서구,광주광역시 서구  월산로 257
912,내덕우암점,충청북도,청주시,충청북도 청주시 청원구  중앙로 191-2
913,내당중리점,대구광역시,서구,대구광역시 서구  평리로286
914,남지읍점,경상남도,창녕군,경상남도 창녕군 남지읍 663-26
915,남원점,전라북도,남원시,전라북도 남원시  옥정2길 13
916,남원2호점,전라북도,남원시,전라북도 남원시  충정로 320
917,남양주진접점,경기도,남양주시,경기도 남양주시 진접읍 장현로 131
918,남양주월산점,경기도,남양주시,"경기도 남양주시 화도읍 경춘로2290번길 3,상가1동102호"
919,남양주와부1호점,경기도,남양주시,"경기도 남양주시 와부읍 수레로 88, 105호 (강산빌딩)"
920,남양주오남점,경기도,남양주시,경기도 남양주시 오남읍 130번지 102호
921,남양주사능점,경기도,남양주시,경기도 남양주시 진건읍 진건오남로 105번길 15
922,남양가음점,경상남도,창원시,경상남도 창원시 성산구 가양로 108 1층 일부호 (남양동)
923,남산대신점,대구광역시,중구,대구광역시 중구 남산동 2267-20(중구 명덕로 91-1)
924,남가좌1호점,서울특별시,서대문구,서울특별시 서대문구  가재울로4길 57-2(남가좌동)
925,나주혁신도시점,전라남도,나주시,전라남도 나주시 상야3길 8 중흥S클래스 메가티움 2차 131호 (빛가람동)
926,나주남평점,전남,나주시,"전남 나주시 남평읍 강변1길 21-6, 102호"
927,나운2호점,전라북도,군산시,"전라북도 군산시  부곡1길 39, 상가동 1층 108호"
928,김해활천점,경상남도,김해시,경상남도 김해시 어방동 319-11
929,김해진영점,경상남도,김해시,경상남도 김해시 진영읍 장등로 30
930,김해주촌점,경상남도,김해시,"경상남도  김해시  주촌면  선천남로 123, 1층"
931,김해장유점,경상남도,김해시,경상남도 김해시 삼문로59번길 6
932,김해율하점,경상남도,김해시,"경상남도 김해시 율하3로 107 101, 102호(관동동)"
933,김해율하2지구점,경상남도,김해시,경상남도 김해시  율하7로 21
934,김해외동점,경상남도,김해시,경상남도 김해시 외동  1242-2 1층
935,김해삼방점,경상남도,김해시,경상남도 김해시  삼안로 169
936,김해삼계점,경상남도,김해시,경상남도 김해시 해반천로130번길 33 탑클라우드 1층 101호 (삼계동)
937,김해부원점,경상남도,김해시,경상남도 김해시  김해대로2371번길 8-25
938,김해동장유점,경상남도,김해시,경상남도 김해시  월산로111-43
939,김해내동점,경상남도,김해시,"경상남도 김해시 금관대로1265번길 2, 1층(내동)"
940,김해구산대성점,경상남도,김해시,경상남도 김해시  구산로42번길 5
941,김포풍무점,경기도,김포시,경기도 김포시 풍무동 425번지 102호
942,김포장기점,경기도,김포시,경기도 김포시 장기동 1636번지 고창마을 제일풍경채상가동 102호
943,김천혁신도시점,경북,김천시,"경북 김천시   혁신6로 63, 2동 108호"
944,김천1호점,경상북도,김천시,경상북도 김천시  신음새동네2길 31
945,김제점,전라북도,김제시,전라북도 김제시  요촌중길45 (요촌동 585-3)
946,길음1동점,서울특별시,성북구,"서울특별시 성북구  길음로 74, 2-107"
947,길동점,서울특별시,강동구,"서울특별시 강동구 천중로 208 1층 101호 (길동, 더힐스빌)"
948,금호1가응봉점,서울특별시,성동구,서울특별시 성동구 금호동1가 1801-2 1층
949,금촌점,경기도,파주시,경기도 파주시  새꽃로 96번지
950,금촌3동점,경기도,파주시,"경기도 파주시 아동동 경의로 1833, 1층일부"
951,금정점,경기도,군포시,경기도 군포시 오금로 145 1층 일부 (금정동)
952,금왕점,충청북도,음성군,"충청북도 음성군 금왕읍 탑골길 12, 제1동  103호"
953,금산읍점,충청남도,금산군,충청남도 금산군 금산읍 비단로 329
954,금당왕지점,전라남도,순천시,전라남도 순천시 해룡면 조례못등길 70
955,금광2동점,경기도,성남시,경기도 성남시 중원구  금빛로 61번길 11
956,귀인평안점,경기도,안양시,"경기도 안양시 동안구  귀인로190번길 61-3,  1층(평촌동 917-5)"
957,권선2동점,경기도,수원시,경기도 수원시 권선구 권선동 1259-8번지
958,군포당동점,경기도,군포시,경기도 군포시  고산로264번길 13
959,군자점,서울특별시,광진구,서울특별시 광진구  군자로 168
960,군산조촌점,전라북도,군산시,"전라북도 군산시  번영로 86 상가 101동 101호  (경장동, 오르빌아파트)"
961,군산나운점,전라북도,군산시,전라북도 군산시  대학로 316 1층
962,구의2동점,서울특별시,광진구,"서울특별시 광진구  자양로 287, 1층(구의동)"
963,구의1동점,서울특별시,광진구,"서울특별시 광진구  자양로 173, 1층"
964,구월점,인천광역시,남동구,인천광역시 남동구  독점로3번길 30-6
965,구영천상점,울산광역시,울주군,울산광역시 울주군 범서읍 구영리 802-22번지
966,구미확장단지점,경상북도,구미시,경상북도 구미시 산동읍 신당1로 3길 17-7  1동 1층 104호
967,구미형곡점,경상북도,구미시,경상북도 구미시  형곡동로 70
968,구미인동점,경상북도,구미시,경상북도 구미시  인동16길 24-4
969,구미송정원평점,경상북도,구미시,경상북도 구미시 신시로14길 50
970,구미상모사곡점,경상북도,구미시,"경상북도 구미시 상사동로 106,1층"
971,구미봉곡점,경상북도,구미시,"경상북도 구미시 봉곡동 봉곡남로9길 7, 1층 101호"
972,구미문성점,경상북도,구미시,"경상북도 구미시 고아읍 들성로 7길 19, 1층"
973,구미도량점,경상북도,구미시,경상북도 구미시 야은로 413
974,구리교문점,경기도,구리시,경기도 구리시 교문동 757-1번지
975,구룡포점,경상북도,포항시,경상북도 포항시 남구 구룡포읍 호미로 253-2
976,구로디지털점,서울특별시,구로구,서울특별시 구로구  디지털로27가길 5-1 1층(구로동)
977,구로5동점,서울특별시,구로구,서울특별시 구로구  구로중앙로28길 31
978,구래1호점,경기도,김포시,경기도 김포시  김포한강9로12번길 97-14
979,괴안범박점,경기도,부천시,경기도 부천시 소사구  은성로117번길 8 1층 (괴안동)
980,광탄점,경기도,파주시,경기도 파주시 광탄면 혜음로 1122 1층
981,광주효천점,광주광역시,남구,"광주광역시 남구  효우2로26번길 18,1층 108호"
982,광주화정점,광주광역시,서구,광주광역시 서구 화정동 827-20
983,광주학동점,광주광역시,동구,광주광역시 동구  의재로 54
984,광주하남점,광주광역시,광산구,"광주광역시 광산구  용아로379번길 10,  1층(하남동)"
985,광주풍암점,광주광역시,서구,"광주광역시 서구  풍암신암로 38, 1층(풍암동)"
986,광주태전점,경기도,광주시,"경기도 광주시  고불로 82, 103호(태전동)"
987,광주첨단점,광주광역시,광산구,광주광역시 광산구  월계로 92-1
988,광주진월점,광주광역시,남구,광주광역시 남구  금당로 12-1
989,광주중흥점,광주광역시,북구,광주광역시 북구  우치로 27번길 26
990,광주주월점,광주광역시,남구,광주광역시 남구  회서로 11번길 13
991,광주장지점,경기도,광주시,경기도 광주시  순암로 83
992,광주일곡점,광주광역시,북구,광주광역시 북구  일곡택지로 55
993,광주월산점,광주광역시,서구,광주광역시 서구  화정로 258-1(화정동)1층
994,광주운암점,광주광역시,북구,광주광역시 북구 서강로66번길 38 1층 (운암동)
995,광주운남점,광주광역시,광산구,광주광역시 광산구  임방울대로 142-14
996,광주용봉점,광주광역시,북구,광주광역시 북구 저불로 40 1층 (용봉동)
997,광주양산점,광주광역시,북구,"광주광역시  북구  양산택지로 89,  2층 201호(본촌동)"
998,광주수완점,광주광역시,광산구,"광주광역시 광산구  장신로 62, 104호(장덕동)"
999,광주송정점,경기도,광주시,경기도 광주시 송정동 110-8번지
1000,광주송정도산점,광주광역시,광산구,광주광역시 광산구 남동길 48번길 53
1001,광주선운점,광주광역시,광산구,광주광역시 광산구  동곡로 735 선운타워 113
1002,광주상무점,광주광역시,서구,광주광역시 서구  치평동 1168
1003,광주봉선점,광주광역시,남구,광주광역시 남구 봉선동 1011-6번지
1004,광주백운점,광주광역시,남구,"광주광역시 남구 백운로 29, 1층"
1005,광주문흥점,광주광역시,북구,"광주광역시 북구 천지인로 173번길 22, A-102(문흥동,광명상가)"
1006,광주두암점,광주광역시,북구,"광주광역시 북구  삼정로 71, 104호"
1007,광주동천동림점,광주광역시,서구,광주광역시 서구  동천로 8 (1층) 동천동
1008,광주금호점,광주광역시,서구,"광주광역시 서구   화개1로 31, 상가동 102호, 103호"
1009,광주계림금남로점,광주광역시,동구,"광주광역시 동구  제봉로 212번길 7, 1층(대인동 315-7)"
1010,광정점,경기도,군포시,경기도 군포시 산본동 산본로432번길 4
1011,광장점,서울특별시,광진구,서울특별시 광진구  아차산로 70길 75 광장현대아파트
1012,광양중마점,전라남도,광양시,"전라남도 광양시  공영로 10, 상가동 102호중 2호(중동, 금광1차아파트)"
1013,광양용강점,전라남도,광양시,"전라남도 광양시 광양읍 와룡길 33 , 상가동 105호"
1014,광양광영점,전라남도,광양시,전라남도 광양시  광영로 83
1015,"광안2,4동점",부산광역시,수영구,부산광역시 수영구 광안동 168-7번지
1016,"광명3,4동점",경기도,광명시,경기도 광명시 광명동 158-321
1017,광교도청점,경기도,수원시,"경기도 수원시 영통구  센트럴타운로 111,  104호(이의동, 광교스타힐스 오피스텔)"
1018,광교1호점,경기도,용인시,"경기도 용인시 수지구  광교마을로 41,  신대프라자 1층 102호"
1019,"관교,구월2호점",인천광역시,남동구,"인천광역시 남동구  인주대로 524,  가동 1층 일부호(구월동)"
1020,과천1호점,경기도,과천시,"경기도 과천시  별양로 12, 레미안슈르A상가 1011호"
1021,공주중동점,충청남도,공주시,"충청남도 공주시  가구점길 3, 1층"
1022,공주신관점,충청남도,공주시,"충청남도 공주시  흑수골길 48, 1층"
1023,공릉2동점,서울특별시,노원구,"서울특별시 노원구  노원로 62, 101호"
1024,"공릉1,3동점",서울특별시,노원구,서울특별시 노원구 공릉동 573-20
1025,공도2호점,경기도,안성시,경기도 안성시 공도읍 만정리 814-1
1026,공덕점,서울특별시,마포구,"서울특별시 마포구  만리재로 74,  삼성레미안 상가1동 111호"
1027,곤지암점,경기도,광주시,경기도 광주시 곤지암읍 평촌길 60
1028,곡성점,전라남도,곡성군,전라남도 곡성군 곡성읍 읍내리 250-8
1029,곡반정점,경기도,수원시,"경기도 수원시 권선구  동수원로146번길 98, 1층 101호"
1030,고흥읍점,전라남도,고흥군,전라남도 고흥군 고흥읍 봉황길 32-1
1031,고흥녹동점,전라남도,고흥군,전라남도 고흥군 도양읍 녹동남촌1길 24-1
1032,고한사북점,강원도,정선군,강원도 정선군 사북읍 중앙로 68번지
1033,고촌점,경기도,김포시,"경기도 김포시 고촌읍 장차로 46, 1층 102호(미렌빌)"
1034,고척2동점,서울특별시,구로구,"서울특별시 구로구  고척로 184,  1층(고척동)"
1035,고창점,전라북도,고창군,전라북도 고창군 고창읍 월곡공원1길 18
1036,고양화정2동점,경기도,고양시,경기도 고양시 덕양구 성신로 10 101(화정동)
1037,고성천진점,강원도,고성군,강원도  고성군  토성면  토성로 145
1038,고성간성점,강원도,고성군,강원도 고성군 간성읍 간성로 67
1039,고산2동점,대구광역시,수성구,"대구광역시 수성구  알파시티2로3길 54, 1층"
1040,고덕하늘채점,경기도,평택시,"경기도 평택시 고덕면 효덕새싹길 64, 1층"
1041,고덕국제점,경기도,평택시,"경기도 평택시 고덕면 고덕국제3길 22, 1층"
1042,"고덕1,2동점",서울특별시,강동구,서울특별시 강동구  상일로 161
1043,고강점,경기도,부천시,"경기도 부천시  원종로 106, 101호(고강동)"
1044,계산1동점,인천광역시,계양구,"인천광역시  계양구   계양대로 188, 1층 107호"
1045,계룡점,충청남도,계룡시,충청남도 계룡시  금암로 155-11
1046,경화태백점,경상남도,창원시,경상남도 창원시 진해구 중초로 37
1047,경주황성금장점,경상북도,경주시,경상북도 경주시  용담로116번길 7
1048,경주보문점, ,,
1049,경산하양점,경상북도,경산시,경상북도 경산시 하양읍 하양역길 18
1050,경산진량점,경상북도,경산시,경상북도 경산시 진량읍 낙산길22-1
1051,경북청송점,경상북도,청송군,경상북도 청송군 청송읍 중앙로 236
1052,경북청도점,경상북도,청도군,경상북도 청도군 청도읍 청화로 103
1053,경북의성점,경상북도,의성군,경상북도 의성군 의성읍 중앙길 59
1054,경북울진점,경상북도,울진군,경상북도 울진군 울진읍 울진중앙로 186-4
1055,경북영주점,경상북도,영주시,경상북도 영주시  구성로324 (하망동 549-5) 1층
1056,경북성주점,경상북도,성주군,경상북도 성주군 성주읍 성주순환로162
1057,경북석적점,경상북도,칠곡군,경상북도 칠곡군 석적읍 석적로 954
1058,경북상주점,경상북도,상주시,경상북도 상주시 삼백로 120(서문동 84-2)
1059,경북문경점,경상북도,문경시,경상북도 문경시  반쟁이3길9
1060,경북도청신도시점,경상북도,예천군,"경상북도 예천군 호명면 행복로 230, 상가 110호 (우방아이유쉘2차)"
1061,경복궁점,서울특별시,종로구,서울특별시 종로구  사직로114. 1층
1062,경남합천점,경상남도,합천군,경상남도 합천군 합천읍 합천리 충효로 4길 10
1063,경남함양점,경남,함양군,"경남 함양군 함양읍 교산길 2, 1층"
1064,경남하동점,경상남도,하동군,경상남도 하동군 하동읍 경서대로 106
1065,경남사천점,경상남도,사천시,경상남도 사천시 사천읍 사주리 90-15
1066,경남밀양점,경상남도,밀양시,경상남도 밀양시  밀양대로 1770-1 (삼문동)
1067,경남남해점,경상남도,남해군,경상남도 남해군 남해읍 화전로 78번길 11
1068,경남고성점,경상남도,고성군,경상남도 고성군 고성읍 중앙로15번길 8
1069,경기고양점,경기도,고양시,경기도 고양시 덕양구  읍내로 83-7
1070,검암지구점,인천광역시,서구,인천광역시 서구   승학로 587
1071,거창점,경상남도,거창군,경상남도 거창군 거창읍 공수들7길 20
1072,거제중곡점,경상남도,거제시,"경상남도 거제시  해명로4길 8, 엘리유리안2차 아파트 상가 106호"
1073,거제장평점,경상남도,거제시,경상남도 거제시  장평동 1198-2
1074,거제장승포점,경상남도,거제시,"경상남도 거제시  능포로4길 5, 107호"
1075,거제옥포점,경상남도,거제시,경상남도 거제시  옥포중앙로 87-1
1076,거제연초점,경상남도,거제시,경상남도 거제시  거제북로 48
1077,거제아주점,경상남도,거제시,경상남도 거제시  아주1로 112
1078,거제상문점,경상남도,거제시,경상남도 거제시  거제중앙로 1557
1079,거제사등점,경상남도,거제시,"경상남도 거제시 사등면 두동로 44, 1층"
1080,거제고현점,경상남도,거제시,경상남도 거제시  거제중앙로5길 28 -1
1081,거여역점,서울특별시,송파구,서울특별시 송파구 오금로 484
1082,거모점,경기도,시흥시,경기도 시흥시 도일로 143(거모동)
1083,개포4동점,서울특별시,강남구,"서울특별시 강남구 개포동 개포로20길 32, 1층"
1084,개포2동점,서울특별시,강남구,"서울특별시 강남구   선릉로12길 5, 102-나호"
1085,개운점,강원도,원주시,강원도 원주시  행구로 57
1086,개봉역점,서울특별시,구로구,"서울특별시 구로구  개봉로34-1,1층(개봉동)"
1087,"개금1,2동점",부산광역시,부산진구,부산광역시 부산진구  냉정로 188 1층 (개금동)
1088,강화점,인천광역시,강화군,인천광역시 강화군 강화읍 강화대로 199
1089,강저지구점,충청북도,제천시,충청북도 제천시 영천동 2209
1090,강일동점,서울특별시,강동구,"서울특별시 강동구 아리수로 419, 1층 106호(강일동, 강일리슈빌에스)"
1091,강원횡성점,강원도,횡성군,강원도 횡성군 횡성읍 북천리115-52
1092,강릉홍제내곡점,강원도,강릉시,강원도 강릉시  남산초교길 12번길 16
1093,강릉포남점,강원도,강릉시,강원도 강릉시  강릉대로 457번길 25
1094,강릉택지점,강원도,강릉시,강원도 강릉시 율곡초교길43번길 17 (교동)
1095,강릉유천점,강원도,강릉시,"강원도 강릉시  선수촌로 79-7, 101호(홍제동)"
1096,강릉성덕점,강원도,강릉시,강원도 강릉시 입암동 498-12
1097,강남세곡점,서울특별시,강남구,"서울특별시 강남구  밤고개로 227, 지상1층 105호,106호"
1098,감정점,경기도,김포시,"경기도 김포시  북변1로 36, 106호"
1099,감일지구점,경기도,하남시,"경기도 하남시  감일백제로 89,  1층 101호(감이동, 성준프라자)"
1100,갈현2동점,서울특별시,은평구,서울특별시 은평구 갈현2동 506-33번지
1101,갈매점,경기도,구리시,경기도 구리시 갈매동 538
1102,갈말점,강원도,철원군,강원도 철원군 갈말읍 명성로139번길 13-22
1103,간석점,인천광역시,남동구,인천광역시 남동구  경인로 602 1층 일부호 (간석동)
1104,가평점,경기도,가평군,경기도 가평군 가평읍 오리나무길 41-15
1105,가평글램핑점,경기도,가평군,경기도 가평군  가평읍  북한강변로 272-1
1106,가좌1호점,인천광역시,서구,인천광역시 서구 가좌동 7번지
1107,가정점,인천광역시,서구,"인천광역시 서구 염곡로498번안길 11-1, 1층 일부(가정동)"
1108,가양점,서울특별시,강서구,서울특별시 강서구 가양동 1479-3번지 1층 104호
1109,가산점,서울특별시,금천구,서울특별시 금천구 가산동 149-13
1110,가락본동점,서울특별시,송파구,서울특별시 송파구  송파대로30길 41-34
1111,가곡수동점,경기도,남양주시,경기도 남양주시 수동면 비룡로 716
